20,5,30,5,30,80.8
21,0,0,10,100,85.6
22,0,0,0,0,87.3
23,5,2,0,0,64.6
24,5,5,0,0,71.5
25,0,0,0,0,67
26,0,0,20,30,68.8
27,10,30,,,91.2
28,10,15,0,0,74.7
29,5,2,5,20,79.4
30,0,0,0,0,87.3
31,0,0,10,40,62.5
32,2,50,0,0,43.6
33,0,0,0,0,93.8
34,0,0,0,0,60.9
35,30,100,0,0,28
36,10,20,0,0,59.5
37,3,100,5,100,83.7
38,5,2,3,100,84.7
39,0,0,0,0,100
40,0,0,5,20,85.7
41,0,0,0,0,87.9
42,10,20,2,100,81.9
43,2,20,5,50,94.2
44,0,0,10,20,62.9
45,0,0,2,30,76.8
46,0,0,0,0,91
47,10,20,3,30,80.8
48,0,0,,,53.9
49,2,60,0,0,66.8
50,5,10,20,40,79.5
51,2,15,0,0,90.7
52,10,10,40,20,85.2
53,0,0,,,100
54,0,0,,,100
55,0,0,0,0,83.3
56,0,0,30,80,56.8
57,0,0,0,0,100
58,0,0,0,0,100
59,0,0,20,20,82.2
60,5,2,0,0,70
61,1,1,,,10.8
62,0,0,5,50,48.4
63,5,2,0,0,98.7
64,0,0,30,80,81.7
65,30,90,0,0,43.7
66,10,30,2,10,78.6
67,0,0,5,100,85.2
68,0,0,0,0,49
69,0,0,0,0,40.9
70,0,0,5,20,85.6
71,7,20,3,30,82.5
72,0,0,0,0,84.5
73,0,0,10,60,84.7
74,0,0,0,0,98.1
75,0,0,0,0,99
76,5,100,10,100,80.4
77,40,100,5,60,58.9
78,50,10,,,88.6
79,30,80,10,30,45
80,3,10,40,80,63.5
81,0,0,0,0,100
82,5,30,10,100,84.8
83,20,100,,,66.6
84,0,0,50,10,68.9
85,0,0,0,0,42.7
86,0,0,5,20,54.5
87,5,80,5,10,87.2
88,0,0,,,76.7
89,0,0,0,0,47.1
90,0,0,2,20,63.3
91,0,0,5,70,75.4
92,0,0,3,50,83.9
93,0,0,0,0,82.5
94,0,0,5,100,85.3
95,0,0,5,100,79
96,0,0,,,70
97,0,0,60,10,77.3
98,0,0,,,75.5
99,0,0,0,0,78.6
100,0,0,4,30,83.2
101,0,0,0,0,100
102,0,0,,,34.2
103,2,40,,,69.6
104,0,0,0,0,58.1
105,10,15,5,10,75.6
106,5,20,5,30,72.5
107,20,100,20,40,62
108,0,0,0,0,76.8
109,15,20,,,91.2
110,5,1,0,0,97
111,0,0,,,86.6
112,0,0,7,20,73.6
113,0,0,0,0,93
114,5,2,0,0,80.6
115,0,0,0,0,91.5
116,0,0,,,73
117,2,10,,,85.9
118,3,10,,,89.2
119,0,0,7,10,88.1
120,0,0,10,30,74.7
121,10,35,,,72.7
122,0,0,,,72
123,10,35,,,55.7
124,0,0,,,76.5
125,15,90,,,79.1
126,0,0,,,71.8
127,20,80,10,10,57.4
128,10,20,,,76.9
129,15,30,5,30,57.3
130,0,0,,,75.5
131,10,35,15,60,71.3
132,0,0,,,70
133,0,0,,,55.3
134,15,70,,,78.8
135,0,0,,,49.9
136,0,0,0,0,73.2
137,0,0,0,0,100
138,5,15,,,83.3
139,3,5,,,71.4
140,0,0,,,75.5
141,3,5,,,81.9
142,0,0,,,87.1
143,5,10,,,63.7
144,15,10,,,63.5
145,3,1,8,30,53.3
146,5,100,,,55.8
147,20,10,2,10,72.9
148,3,5,,,75.1
149,10,20,3,10,74.8
150,0,0,10,55,58.9
151,5,20,20,50,67.7
152,15,90,,,81.3
153,0,0,,,74.4
154,0,0,,,76.6
155,10,30,10,30,80.5
156,0,0,0,0,77.9
157,10,5,0,0,97.1
158,3,5,0,0,88.8
159,0,0,40,100,53.7
160,0,0,0,0,52.6
161,7,60,0,0,62.6
162,5,10,0,0,77.9
163,0,0,5,60,85.3
164,10,40,0,0,25.9
165,10,50,20,40,44
166,0,0,5,20,92.5
167,0,0,,,82.7
168,0,0,,,82.7
169,0,0,,,81.7
170,0,0,,,91.5
171,0,0,,,100
172,0,0,,,100
173,0,0,40,15,75.4
174,0,0,0,0,89.3
175,0,0,,,63.9
176,0,0,0,0,69.5
177,0,0,0,0,69.1
178,0,0,0,0,100
179,0,0,0,0,49
180,3,10,0,0,77.4
181,0,0,0,0,41.9
182,0,0,5,10,57.3
183,10,20,,,89.7
184,0,0,5,10,87.7
185,10,10,2,20,88
186,5,20,20,30,81.3
187,15,30,,,56.3
188,0,0,0,0,90.1
189,0,0,,,81.3
190,0,0,3,50,88.9
191,0,0,0,0,91.7
192,20,50,,,69.9
193,10,15,0,0,68.8
194,0,0,,,92.2
195,0,0,2,20,95.5
196,0,0,,,66.6
197,0,0,0,0,89.1
198,0,0,,,88
199,15,40,0,0,71.1
200,0,0,40,30,63.4
201,0,0,,,100
202,0,0,0,0,100
203,0,0,,,100
204,0,0,0,0,100
205,0,0,,,100
206,0,0,0,0,100
207,0,0,7,15,96.7
208,3,80,15,30,82
209,10,30,,,44.7
210,10,30,,,56.6
211,30,100,,,59.3
212,0,0,,,57.6
213,5,70,,,89.6
214,10,30,,,68.1
215,5,20,,,84.4
216,5,30,,,73.5
217,0,0,,,43.5
218,10,20,,,51.9
219,5,20,,,70
220,10,5,,,84.1
221,5,40,,,76.9
222,10,40,,,75.8
223,10,20,,,74.5
224,0,0,,,50.4
225,5,20,,,55.5
226,10,30,,,87.1
227,15,30,,,89.2
228,10,30,,,63.7
229,10,10,,,69.5
230,10,10,,,41.4
231,0,0,,,40.8
232,10,40,,,60.7
233,0,0,,,43.8
234,5,20,,,51.8
235,15,20,10,80,78.4
236,0,0,,,62.2
237,0,0,,,72.2
238,0,0,,,79.2
239,2,10,2,5,87.4
240,0,0,,,88
241,0,0,0,0,91.2
242,0,0,0,0,99.8
244,10,20,20,20,91.3
245,0,0,,,35.5
246,0,0,,,35.5
247,5,20,,,73
248,0,0,0,0,59.2
249,0,0,0,0,39.9
250,0,0,,,100
251,0,0,,,31.6
252,0,0,,,100
253,3,10,5,15,96.4
254,2,20,,,96.8
255,0,0,0,0,87.1
256,0,0,0,0,63.9
257,2,1,0,0,95.5
258,3,30,,,90.7
259,0,0,,,15.9
260,0,0,,,100
261,0,0,,,100
262,0,0,,,100
263,0,0,,,100
264,0,0,,,100
265,0,0,,,100
266,0,0,,,100
267,0,0,,,100
268,0,0,,,100
269,0,0,,,100
270,0,0,0,0,79.6
271,0,0,0,0,96.8
272,0,0,,,63.6
273,0,0,0,0,100
274,0,0,0,0,96.9
275,5,3,3,5,98
276,0,0,,,100
277,0,0,0,0,100
278,0,0,0,0,100
279,0,0,0,0,100
280,0,0,0,0,100
281,0,0,,,100
282,0,0,0,0,87.3
283,0,0,0,0,100
284,0,0,0,0,94.3
285,0,0,0,0,100
286,0,0,0,0,100
287,0,0,,,100
288,0,0,,,100
289,0,0,0,0,100
290,0,0,,,86.7
291,0,0,,,15.9
292,0,0,,,50.3
293,0,0,,,71.3
294,0,0,,,67.5
295,0,0,,,31.8
296,0,0,,,27.6
297,0,0,0,0,100
298,0,0,,,72
299,0,0,,,14
300,0,0,,,17.8
301,0,0,0,0,82.3
302,0,0,0,0,74.1
303,10,80,0,0,51.5
304,0,0,0,0,60.2
305,0,0,0,0,62.9
306,0,0,,,17.8
307,0,0,,,72.9
308,0,0,,,17.8
309,0,0,,,65.3
310,0,0,,,0.9
311,0,0,,,55.6
312,0,0,,,49.5
313,0,0,,,64.5
314,0,0,,,39.4
315,0,0,,,100
316,0,0,0,0,100
317,0,0,0,0,100
318,0,0,0,0,100
319,0,0,0,0,100
320,0,0,,,100
321,0,0,0,0,79.5
322,0,0,0,0,93
323,0,0,,,69.3
324,0,0,,,59.8
325,0,0,0,0,76.7
326,0,0,,,100
327,0,0,,,100
328,0,0,0,0,100
329,0,0,0,0,100
330,0,0,,,100
331,0,0,,,74.5
332,0,0,,,100
333,0,0,0,0,91
334,0,0,,,35.5
335,0,0,0,0,58.9
336,0,0,0,0,100
337,0,0,,,81.9
338,0,0,,,100
339,0,0,0,0,100
341,0,0,,,100
342,0,0,0,0,91
343,0,0,,,100
344,0,0,0,0,87.2
345,0,0,0,0,89.5
346,0,0,,,91.6
347,0,0,0,0,91
348,0,0,0,0,88.6
349,0,0,,,100
350,0,0,,,100
351,0,0,,,100
352,0,0,0,0,100
353,0,0,5,20,96.7
354,0,0,,,100
355,0,0,,,100
356,0,0,,,100
357,0,0,,,100
358,0,0,0,0,92.4
359,0,0,0,0,100
360,0,0,0,0,100
361,0,0,,,100
362,0,0,0,0,100
363,0,0,,,100
364,0,0,,,100
365,0,0,,,100
366,0,0,0,0,100
367,0,0,,,70
368,0,0,,,100
369,0,0,,,100
370,0,0,,,100
371,0,0,,,100
372,0,0,,,100
373,0,0,,,75.5
374,0,0,0,0,98
375,0,0,0,0,100
376,0,0,0,0,90.1
377,0,0,0,0,100
378,0,0,0,0,63.2
379,0,0,0,0,100
380,0,0,0,0,100
381,0,0,0,0,100
382,0,0,0,0,100
383,0,0,0,0,100
384,0,0,0,0,100
385,0,0,0,0,100
386,0,0,0,0,100
387,0,0,0,0,100
388,0,0,0,0,100
389,0,0,0,0,100
390,0,0,0,0,100
391,0,0,0,0,100
392,0,0,,,100
393,0,0,,,100
394,0,0,,,100
395,0,0,,,100
396,0,0,0,0,100
397,0,0,,,100
398,0,0,,,100
399,0,0,0,0,100
400,0,0,,,100
401,0,0,0,0,100
402,0,0,,,100
403,0,0,,,100
404,0,0,,,100
405,0,0,0,0,100
406,0,0,0,0,89.9
407,0,0,,,75.5
408,0,0,0,0,100
409,0,0,0,0,69.1
410,0,0,0,0,100
411,3,5,0,0,88.2
412,0,0,0,0,83.6
413,0,0,0,0,77.4
414,0,0,,,100
415,0,0,0,0,89.9
416,5,20,,,94.9
417,0,0,0,0,91
418,0,0,0,0,63.2
419,0,0,,,100
420,0,0,,,100
421,0,0,,,100
422,15,100,5,50,78.3
423,10,50,,,78.7
424,10,40,,,89.8
425,0,0,,,89
426,0,0,,,100
427,0,0,,,100
428,0,0,,,82.7
429,0,0,,,44.7
430,0,0,,,100
431,5,20,,,94.9
432,0,0,,,100
433,10,25,,,92
434,0,0,,,100
435,10,50,,,88.6
436,3,5,0,0,94
437,0,0,,,78.3
438,0,0,,,55.1
439,5,40,,,92.8
440,0,0,,,90.5
441,0,0,,,69.4
442,3,20,,,83.8
443,0,0,,,81.3
444,5,5,,,84.5
445,0,0,,,97.1
446,3,10,,,94.2
447,0,0,,,100
448,3,20,,,92.6
449,2,5,,,88.1
450,3,20,,,91.2
451,0,0,,,81.4
452,3,10,,,97.2
453,3,10,,,46.6
454,0,0,,,89.3
455,2,10,,,78.1
456,0,0,,,25.6
457,3,5,,,95.1
458,0,0,,,69.5
459,0,0,,,91.7
460,0,0,,,34.4
461,0,0,,,19.5
462,0,0,,,19.5
463,0,0,,,19.5
464,0,0,,,40.7
465,0,0,,,71
466,0,0,,,59.7
467,0,0,,,87.7
468,0,0,,,85.5
469,0,0,,,100
470,0,0,,,100
471,0,0,,,100
472,0,0,,,59
473,0,0,,,100
474,0,0,,,84.7
475,0,0,,,100
476,0,0,,,36.7
477,0,0,,,45.7
478,5,20,5,20,85.7
479,5,5,2,10,92.6
480,5,5,,,87.7
481,0,0,5,20,78.6
482,5,5,30,30,83.4
483,5,10,20,40,88.5
484,0,0,,,100
485,2,10,,,67
486,0,0,,,22.2
487,5,30,0,0,72.1
488,15,10,10,20,69.6
489,5,10,5,30,79.5
490,0,0,10,40,54.5
491,0,0,,,60.4
492,3,10,5,10,81.2
493,5,20,5,50,75.7
494,0,0,5,40,63.4
495,2,10,5,20,90.7
496,3,10,5,30,87.1
497,3,10,5,10,74.7
498,5,30,5,40,78.5
499,10,20,0,0,70.8
500,5,20,3,20,70.2
501,5,20,,,74.1
502,20,60,5,20,79.6
503,5,10,,,59.4
504,5,20,5,25,62.4
505,15,40,10,20,67.3
506,0,0,,,38.7
507,0,0,,,94.1
508,5,20,0,0,61.2
509,0,0,0,0,86.1
510,0,0,5,20,71
511,0,0,,,72
513,0,0,,,80.2
515,0,0,,,100
517,0,0,,,84.5
519,0,0,0,0,68.6
521,0,0,0,0,47.9
522,0,0,30,5,83.1
523,0,0,30,15,93.1
524,0,0,30,80,79
525,0,0,0,0,69.7
526,0,0,0,0,63.9
527,0,0,,,89
528,0,0,,,100
529,0,0,,,100
530,0,0,,,87.7
531,0,0,0,0,98.3
532,0,0,0,0,100
533,0,0,,,100
534,0,0,,,100
535,0,0,,,100
536,0,0,,,100
537,0,0,,,100
538,0,0,0,0,76.2
539,0,0,,,61.5
540,0,0,,,100
541,0,0,,,100
542,0,0,,,100
543,10,20,0,0,94.2
544,0,0,,,79.5
545,0,0,,,100
546,0,0,,,87
547,0,0,,,88
548,0,0,,,100
549,0,0,,,78.3
550,0,0,0,0,90.1
551,0,0,,,69.1
552,0,0,0,0,83.9
553,0,0,0,0,100
554,0,0,0,0,96.3
555,0,0,,,100
556,0,0,,,86.7
557,0,0,,,100
558,0,0,,,42.7
559,0,0,0,0,90.2
560,0,0,0,0,100
561,0,0,,,77
562,0,0,,,100
563,0,0,0,0,84.6
564,0,0,,,100
565,0,0,,,74.8
566,0,0,5,30,54.5
567,0,0,,,86.7
568,0,0,,,100
569,0,0,15,10,96
570,0,0,0,0,100
571,0,0,,,86.7
572,0,0,,,100
573,0,0,,,77.5
574,0,0,,,81.7
575,0,0,,,49.1
576,0,0,,,59.8
577,0,0,,,40.7
578,0,0,0,0,32.8
579,10,60,,,71.9
580,0,0,,,100
581,5,5,0,0,87.1
582,0,0,0,0,100
583,0,0,,,76
584,0,0,,,79.2
585,0,0,,,76.7
586,0,0,3,10,83
587,0,0,,,85.3
588,3,40,,,78.5
589,0,0,,,75.5
590,5,70,,,82.7
591,0,0,0,0,96
592,5,10,0,0,97.1
593,0,0,,,84.3
594,0,0,,,76.9
595,0,0,20,5,91.1
596,3,50,3,100,86.3
597,3,15,2,100,77.9
598,0,0,0,0,63
599,0,0,0,0,100
600,0,0,,,62.6
601,5,70,,,84.1
602,0,0,,,90.8
603,0,0,,,86.2
604,0,0,,,69.9
605,0,0,,,78.5
606,0,0,,,42.2
607,0,0,,,83.6
608,0,0,,,80.7
609,0,0,,,74.3
610,0,0,,,70.7
611,0,0,,,75.6
612,5,30,,,66
613,3,70,10,15,81.5
614,3,70,,,81.2
615,0,0,5,30,93
616,5,50,,,90
617,0,0,,,82
618,2,15,10,25,92
619,0,0,,,13.2
620,3,75,10,100,79.3
621,0,0,,,66.1
622,0,0,,,70.9
623,2,20,0,0,94.9
624,0,0,20,20,71.7
625,0,0,,,84.5
626,20,40,20,30,72.4
627,0,0,,,60.3
628,0,0,,,85.9
629,0,0,,,85.9
630,0,0,,,85.9
631,0,0,0,0,94.9
632,0,0,0,0,86.5
633,0,0,0,0,85.8
634,0,0,0,0,85.8
635,0,0,0,0,85.1
636,0,0,0,0,86.5
637,0,0,30,70,58.8
638,0,0,,,26.6
639,10,20,10,15,69.6
640,10,20,20,20,73.8
641,20,30,20,50,76.5
642,0,0,0,0,83
643,0,0,0,0,86.1
644,0,0,0,0,83
645,10,30,10,30,81.3
646,10,50,,,84.9
647,10,1,30,10,94.2
648,0,0,0,0,94.2
649,0,0,20,20,86.7
650,0,0,40,1,95.7
651,0,0,,,33.4
652,0,0,,,69.1
653,0,0,,,31.7
654,0,0,,,49.7
655,0,0,,,59.9
656,0,0,,,39.5
657,0,0,,,72.1
658,0,0,,,60.6
659,10,10,0,0,89.3
660,5,10,0,0,89.1
661,0,0,,,70.4
662,0,0,0,0,77.5
663,0,0,,,80.8
664,5,20,,,70
665,0,0,0,0,89.2
666,0,0,10,50,85.2
667,0,0,0,0,100
668,0,0,0,0,100
669,0,0,0,0,90.2
670,0,0,0,0,89.4
671,0,0,0,0,86.1
672,5,50,0,0,88.7
673,0,0,,,86.7
674,0,0,0,0,92.8
675,0,0,0,0,89.5
676,0,0,0,0,100
677,0,0,0,0,100
678,0,0,0,0,86.1
679,10,20,0,0,92.4
680,0,0,0,0,100
681,0,0,0,0,100
682,0,0,0,0,95.1
683,0,0,0,0,100
684,0,0,0,0,100
685,0,0,0,0,100
686,0,0,0,0,90.2
687,0,0,0,0,90.2
688,0,0,0,0,100
689,0,0,0,0,90.2
690,0,0,0,0,100
691,0,0,5,40,95.4
692,0,0,0,0,100
693,0,0,5,40,89.1
694,0,0,0,0,89.2
695,0,0,0,0,94.9
696,0,0,5,50,90.8
697,0,0,0,0,90.2
698,0,0,0,0,100
699,2,10,0,0,82.8
700,0,0,,,42.4
701,0,0,,,8.5
702,0,0,,,47.6
703,15,30,30,30,53.2
704,3,7,0,0,98.1
705,0,0,0,0,94
706,0,0,0,0,100
707,5,5,0,0,95.1
708,0,0,10,50,86.3
709,0,0,0,0,100
710,0,0,0,0,100
711,0,0,0,0,100
712,0,0,0,0,100
713,5,20,0,0,81.2
714,0,0,,,90.5
715,0,0,0,0,100
716,0,0,0,0,100
717,0,0,0,0,100
718,0,0,0,0,100
719,5,30,0,0,89.5
720,0,0,0,0,100
721,0,0,,,100
722,0,0,,,100
723,0,0,0,0,100
724,10,20,3,20,86
725,0,0,0,0,100
726,0,0,0,0,100
727,0,0,0,0,100
728,0,0,0,0,100
729,0,0,0,0,75.4
730,0,0,0,0,100
731,0,0,,,89.6
732,0,0,,,89
733,0,0,,,88
734,0,0,,,87.3
735,0,0,,,72.2
736,0,0,,,44.1
738,0,0,,,42.7
739,0,0,,,44.8
740,0,0,10,25,89
741,0,0,,,89.6
742,0,0,,,100
743,0,0,0,0,81.3
744,0,0,0,0,75.5
745,0,0,,,73.9
746,0,0,,,85.2
747,0,0,0,0,94
748,5,10,,,76.3
749,0,0,,,72.1
750,0,0,,,78.4
751,0,0,,,100
752,0,0,,,83.2
753,0,0,,,100
754,0,0,,,90.5
755,0,0,,,77.6
756,0,0,5,5,86.8
757,0,0,,,77.6
758,0,0,,,69.1
759,5,5,5,10,83.7
760,5,5,5,10,86.3
761,0,0,5,10,83.9
762,10,20,15,85,80.7
763,0,0,0,0,94.5
764,0,0,0,0,100
765,0,0,,,100
766,0,0,0,0,94.8
767,0,0,0,0,82.9
768,0,0,0,0,100
769,0,0,0,0,100
770,0,0,0,0,97.7
771,0,0,,,70
772,5,30,,,53.5
773,0,0,0,0,100
774,0,0,0,0,100
775,10,50,,,88.6
776,0,0,0,0,100
777,0,0,0,0,100
778,0,0,,,100
779,0,0,,,100
780,0,0,0,0,100
781,0,0,,,40.7
782,0,0,,,90.5
783,0,0,,,83.2
784,0,0,,,86.7
785,0,0,,,69.1
786,0,0,0,0,80.3
787,0,0,0,0,100
788,0,0,0,0,67
789,0,0,,,82
790,0,0,0,0,100
791,0,0,0,0,97.1
792,0,0,0,0,96.9
793,0,0,0,0,80.3
794,0,0,0,0,100
795,0,0,0,0,100
796,0,0,0,0,100
797,0,0,0,0,100
798,0,0,0,0,100
799,3,20,,,80.4
800,2,20,,,86.2
801,0,0,,,82.7
802,5,30,,,85.2
803,0,0,,,64
804,0,0,,,84.5
805,15,50,,,67.3
806,15,30,,,74.6
807,5,30,5,30,85.7
808,0,0,0,0,73.7
809,10,70,0,0,76.8
810,5,20,,,76.1
811,0,0,,,71.8
812,0,0,,,100
813,0,0,,,74.7
814,0,0,,,57.6
815,0,0,,,94
816,0,0,,,37.8
817,5,10,,,96.4
818,0,0,,,63.9
819,0,0,,,100
820,10,10,,,69.1
821,0,0,0,0,92.9
822,0,0,5,70,87.1
823,0,0,0,0,83.5
824,0,0,0,0,94.5
825,5,5,0,0,82
826,0,0,5,50,86.2
827,0,0,,,91.6
828,10,100,,,79.2
829,0,0,0,0,94.5
830,0,0,0,0,67.5
831,0,0,,,48.5
832,0,0,0,0,32.2
833,0,0,0,0,77.6
834,0,0,0,0,38.5
835,0,0,,,100
836,0,0,0,0,57.5
837,0,0,0,0,91.9
838,0,0,,,100
839,0,0,,,100
840,0,0,,,73.5
841,0,0,,,37.2
842,0,0,0,0,36.2
843,0,0,,,100
844,0,0,0,0,41.2
845,0,0,,,78.2
846,0,0,,,0.9
847,0,0,5,100,81.8
848,0,0,0,0,100
849,0,0,,,86.3
850,0,0,5,100,83.9
851,2,10,,,97.7
852,5,100,,,88.6
853,5,10,,,86.3
854,0,0,0,0,93
855,0,0,0,0,86.1
856,0,0,0,0,94.5
857,0,0,0,0,93.3
858,0,0,0,0,37.2
859,0,0,,,49.1
860,0,0,,,0.9
861,0,0,,,0.9
862,0,0,,,91.6
863,0,0,,,100
864,0,0,,,17.8
865,5,30,,,62.8
866,0,0,,,100
867,0,0,,,100
868,5,20,0,0,61.2
869,10,50,,,61.3
870,5,20,,,65.8
871,5,80,,,75.9
872,10,20,,,64.9
873,10,80,,,67.5
874,5,10,,,79.1
875,10,20,,,52.6
876,0,0,,,68.1
877,5,50,,,82.3
878,0,0,,,72.7
879,10,50,,,82.3
880,10,30,,,70.8
881,5,50,0,0,93.5
882,0,0,0,0,88.5
883,0,0,0,0,93.3
884,0,0,0,0,75.7
885,5,30,0,0,95
886,0,0,5,80,89.6
887,10,40,0,0,91.8
888,0,0,,,77.6
889,0,0,0,0,89.3
890,10,5,0,0,97.1
891,5,20,0,0,94.5
892,0,0,0,0,95.7
893,0,0,0,0,97
894,0,0,,,86
895,0,0,10,100,65.9
896,10,10,0,0,86
897,0,0,0,0,79.1
898,0,0,,,31.8
899,0,0,,,100
900,0,0,,,100
901,10,30,,,71.8
902,0,0,,,64
903,0,0,,,100
904,0,0,,,100
905,0,0,0,0,100
906,0,0,,,100
907,0,0,,,100
908,0,0,,,100
909,0,0,0,0,100
910,0,0,,,86
911,0,0,,,100
912,0,0,,,100
913,10,10,,,94.9
914,0,0,0,0,90
915,5,5,0,0,93.4
916,0,0,,,100
917,0,0,,,40.7
918,0,0,,,42
919,0,0,,,82.7
920,0,0,,,79.6
921,0,0,0,0,87.6
922,0,0,,,17.8
923,0,0,,,17.8
924,0,0,,,59.4
925,0,0,0,0,79.8
926,0,0,,,100
927,0,0,0,0,74.9
928,0,0,0,0,68.6
929,0,0,0,0,78.7
930,0,0,0,0,85.8
931,0,0,,,100
932,0,0,,,100
933,0,0,,,100
934,0,0,0,0,91.8
935,0,0,10,100,80.3
936,5,30,,,79.8
937,5,80,,,88.2
938,0,0,5,80,80.1
939,5,80,5,80,79.7
940,5,30,0,0,83.5
941,0,0,0,0,59.7
942,0,0,,,74
943,0,0,5,30,64.8
944,0,0,5,30,78.8
945,5,50,0,0,86.8
946,0,0,5,60,90.6
947,10,40,0,0,91.8
948,3,60,0,0,89.9
949,10,80,0,0,86.9
950,0,0,0,0,82.9
951,0,0,0,0,66.3
952,5,10,5,30,79.9
953,10,50,0,0,53.8
954,5,50,10,70,69.5
955,0,0,,,86.6
956,0,0,,,22.2
957,0,0,0,0,75.7
958,0,0,0,0,59.4
959,0,0,,,100
960,0,0,,,33.2
961,0,0,,,81.3
962,0,0,,,100
963,0,0,,,100
964,0,0,,,100
965,0,0,,,100
966,0,0,,,86.7
967,0,0,0,0,100
968,0,0,0,0,100
969,0,0,,,73.5
970,0,0,,,62.5
971,0,0,,,100
972,0,0,,,100
973,0,0,,,86.7
974,0,0,,,100
975,0,0,0,0,91.9
976,0,0,,,53.6
977,0,0,,,100
978,0,0,0,0,93.8
979,0,0,0,0,89.6
980,0,0,0,0,76.7
981,0,0,5,10,80.2
982,0,0,,,37.2
983,20,100,0,0,81.7
984,0,0,,,43
985,0,0,,,50.9
986,0,0,,,86.7
987,20,70,0,0,84.7
988,0,0,,,67.5
989,0,0,,,81.3
990,15,20,0,0,87.9
991,0,0,0,0,100
992,0,0,0,0,100
993,0,0,0,0,63.2
994,0,0,,,100
995,0,0,,,100
996,0,0,0,0,62.7
997,0,0,0,0,39.8
998,10,80,0,0,81.7
999,0,0,,,86.6
1000,0,0,0,0,100
1001,0,0,0,0,100
1002,0,0,,,100
1003,0,0,,,100
1004,0,0,,,82.7
1005,0,0,0,0,100
1006,0,0,0,0,100
1007,0,0,0,0,100
1008,0,0,,,100
1009,0,0,0,0,100
1010,0,0,,,100
1011,0,0,0,0,100
1012,0,0,0,0,100
1013,0,0,,,82.7
1014,0,0,,,40.6
1015,0,0,,,100
1016,0,0,,,100
1017,0,0,,,100
1018,0,0,,,100
1019,0,0,,,100
1020,0,0,,,100
1021,0,0,,,100
1022,0,0,,,100
1023,0,0,,,100
1024,0,0,,,100
1025,0,0,,,100
1026,0,0,,,100
1027,0,0,,,100
1028,0,0,,,100
1029,0,0,,,100
1030,0,0,,,100
1031,0,0,0,0,100
1032,0,0,0,0.0,100
1033,0,0,,,100
1034,0,0,,,100
1035,0,0,0,0.0,96.3
1036,0,0,0,0.0,100
1037,10,100,0,0.0,87.1
1038,30,100,0,0.0,55.4
1039,0,0,,,74.5
1040,20,20,0,0.0,50.6
1041,0,0,0,0.0,87.2
1042,5,100,0,0.0,76.7
1043,0,0,,,100
1044,30,60,0,0.0,82.7
1045,30,70,,,76.7
1046,0,0,0,0.0,83.6
1047,10,80,0,0.0,79.9
1048,0,0,0,0.0,100
1049,0,0,,,100
1050,20,40,0,0.0,88.4
1051,0,0,0,0.0,80.3
1052,25,50,,,82
1053,0,0,0,0.0,90.6
1054,0,0,,,92
1055,5,100,,,88.6
1056,0,0,0,0,100
1057,10,20,0,0,84.9
1058,0,0,,,82.7
1059,0,0,0,0,100
1060,0,0,,,86.7
1061,0,0,,,78.3
1062,0,0,,,86.6
1063,0,0,,,80.4
1064,0,0,,,100
1065,0,0,,,100
1066,0,0,,,100
1067,0,0,,,89
1068,0,0,,,86.6
1069,0,0,,,92.2
1070,0,0,,,100
1071,0,0,,,40.7
1072,0,0,,,82.7
1073,0,0,,,86.6
1074,0,0,,,86.6
1075,0,0,,,91.5
1076,0,0,,,100
1077,0,0,0,0,100
1078,0,0,,,92.2
1079,0,0,,,85.3
1080,0,0,,,100
1081,0,0,,,100
1082,0,0,,,92.2
1083,0,0,,,84.5
1084,0,0,,,100
1085,0,0,0,0,99
1086,0,0,,,86.6
1087,0,0,,,92.2
1089,0,0,,,100
1090,0,0,0,0,90.6
1091,0,0,,,100
1092,0,0,,,84.5
1093,0,0,,,73.1
1094,0,0,0,0,97.5
1095,0,0,,,84.5
1096,0,0,,,79.5
1097,0,0,,,84.5
1098,0,0,5,100,89.9
1099,0,0,,,79.5
1100,0,0,0,0,78.6
1101,0,0,0,0,97.9
1102,5,60,10,20,52.4
1103,0,0,0,0,100
1104,0,0,,,100
1105,5,100,0,0,90.9
1106,0,0,0,0,91.9
1107,0,0,0,0,91.9
1108,0,0,10,20,95.4
1109,0,0,5,95,86.5
1110,0,0,0,0,100
1111,0,0,,,54.1
1112,0,0,0,0,100
1113,0,0,10,10,96.7
1114,0,0,0,0,100
1115,0,0,,,84.5
1116,0,0,10,20,95.4
1117,0,0,0,0,97
1118,0,0,0,0,100
1119,0,0,0,0,93
1120,0,0,0,0,93
1121,0,0,,,100
1122,0,0,0,0,95.4
1123,0,0,,,100
1124,0,0,,,92.2
1125,0,0,,,89.6
1126,0,0,,,100
1127,0,0,0,0,100
1128,0,0,0,0,97.6
1129,0,0,0,0,100
1130,0,0,,,8.5
1131,0,0,,,75.2
1132,0,0,,,86.6
1133,0,0,10,50,92.7
1134,0,0,,,84.5
1135,0,0,,,81.7
1136,0,0,5,80,79.7
1137,0,0,,,84.5
1138,0,0,0,0,94.3
1139,0,0,,,75.5
1140,0,0,5,100,92.7
1141,0,0,5,100,92.7
1142,0,0,0,0,100
1143,0,0,,,86.6
1144,0,0,0,0,100
1145,0,0,0,0,100
1146,0,0,,,92.6
1147,0,0,0,0,100
1148,0,0,0,0,85.6
1149,0,0,0,0,91.9
1150,0,0,0,0,100
1151,0,0,0,0,100
1152,0,0,0,0,100
1153,0,0,0,0,100
1154,0,0,0,0,100
1155,0,0,0,0,100
1156,0,0,,,100
1157,0,0,0,0,100
1158,0,0,0,0,100
1159,0,0,0,0,100
1160,0,0,0,0,100
1161,0,0,0,0,100
1162,0,0,0,0,100
1163,0,0,0,0,91
1164,0,0,,,100
1165,0,0,,,89.7
1166,0,0,,,100
1167,0,0,,,86.7
1168,0,0,,,100
1169,0,0,,,100
1170,0,0,,,100
1171,0,0,,,100
1172,0,0,,,100
1173,0,0,,,100
1174,0,0,,,100
1175,0,0,,,100
1176,0,0,0,0,94
1177,0,0,,,100
1178,0,0,,,100
1179,0,0,,,100
1180,0,0,,,86.7
1181,0,0,,,91.6
1182,0,0,,,100
1183,0,0,,,100
1184,0,0,,,100
1185,0,0,,,100
1186,0,0,,,100
1187,0,0,,,100
1188,0,0,,,100
1189,0,0,0,0,100
1190,0,0,30,100,72.2
1191,0,0,0,0,77.6
1192,0,0,0,0,100
1193,10,20,0,0,90.2
1194,0,0,0,0,100
1195,10,50,0,0,86.5
1196,0,0,0,0,95.6
1197,0,0,0,0,100
1198,0,0,0,0,100
1199,0,0,,,100
1200,0,0,0,0,100
1201,0,0,0,0,100
1202,0,0,0,0,100
1203,0,0,0,0,100
1204,0,0,0,0,100
1205,0,0,20,100,72
1206,0,0,20,100,79.5
1207,0,0,20,100,85.4
1208,5,20,0,0,95.6
1209,5,30,0,0,94.5
1210,0,0,0,0,98.6
1211,0,0,0,0,87.2
1212,0,0,0,0,100
1213,0,0,0,0,100
1214,0,0,0,0,100
1215,0,0,0,0,100
1216,0,0,0,0,81.4
1217,0,0,0,0,87.1
1218,0,0,0,0,93
1219,0,0,0,0,100
1220,0,0,0,0,93
1221,0,0,0,0,100
1222,0,0,0,0,100
1223,0,0,0,0,54.5
1224,0,0,0,0,76.8
1225,0,0,0,0,77
1226,0,0,0,0,94
1227,0,0,,,100
1228,0,0,0,0,88.5
1229,15,20,30,40,85.4
1230,0,0,0,0,97.1
1231,0,0,0,0,94.1
1232,5,1,5,5,98.1
1233,0,0,0,0,84.1
1234,0,0,5,10,97.7
1235,40,70,5,80,69.6
1236,50,70,5,100,72.3
1237,30,80,0,0,80
1238,10,1,0,0,98.7
1239,5,1,5,5,87.2
1240,0,0,,,79
1241,10,10,10,10,87.2
1242,0,0,5,10,86.2
1243,0,0,0,0,93.7
1244,5,10,5,80,89
1246,0,0,5,20,96.1
1247,0,0,,,86.6
1248,0,0,,,78.9
1249,0,0,,,92.6
1250,0,0,,,86.6
1251,0,0,0,0,90.2
1252,5,10,0,0,86.8
1253,0,0,0,0,90.5
1254,5,20,0,0,95.8
1255,0,0,30,100,82.2
1256,10,30,,,57.8
1257,5,10,,,60.4
1258,0,0,,,72.8
1259,0,0,,,88
1260,5,2,,,83.2
1261,0,0,,,78
1262,0,0,,,74.2
1263,5,20,,,83.5
1264,5,10,,,79.3
1265,5,10,10,40,84.3
1266,0,0,,,69.5
1267,0,0,,,88.6
1268,0,0,0,0,73.6
1269,0,0,,,84.5
1270,0,0,0,0,93
1271,0,0,0,0,84.4
1272,5,30,0,0,84.8
1273,0,0,,,93.5
1274,0,0,0,0,88.3
1275,0,0,,,100
1276,5,20,10,30,86.8
1277,0,0,,,27.5
1278,0,0,,,92.8
1279,2,10,,,52.5
1280,0,0,,,51.6
1281,0,0,,,54.8
1282,0,0,,,74.1
1283,0,0,,,58.3
1284,0,0,,,84.3
1285,0,0,,,74.9
1286,3,5,,,84.4
1287,5,2,,,84.4
1288,0,0,,,51.6
1289,0,0,,,65.9
1290,0,0,,,100
1291,10,10,,,90.8
1292,10,15,,,79.4
1293,0,0,,,5
1294,0,0,,,24.7
1295,10,30,,,52.9
1296,10,30,,,89
1297,5,10,,,81.1
1298,5,10,,,95.1
1299,30,20,30,15,83.6
1300,30,60,0,0,82.2
1301,10,30,,,83.6
1302,0,0,,,87.5
1303,10,20,,,68.6
1304,5,10,,,57.3
1305,10,20,,,84.4
1306,10,20,,,90
1307,10,10,,,90.4
1308,5,70,,,63.8
1310,0,0,0,0,100
1312,5,2,0,0,98.7
1314,0,0,0,0,100
1316,0,0,0,0,100
1318,0,0,5,5,98.4
1320,0,0,0,0,100
1322,0,0,0,0,100
1324,0,0,0,0,100
1326,0,0,0,0,96.2
1328,0,0,0,0,100
1330,0,0,5,5,94.5
1332,0,0,0,0,87.2
1334,2,5,3,10,97.8
1336,0,0,5,40,95.4
1338,0,0,0,0,100
1340,2,1,0,0,99.4
1342,0,0,5,5,98.4
1344,0,0,0,0,100
1346,0,0,5,30,96
1348,0,0,0,0,100
1349,0,0,5,10,95.5
1350,0,0,0,0,100
1351,0,0,2,2,99.3
1352,0,0,0,0,100
1353,0,0,0,0,100
1354,0,0,0,0,99.6
1355,0,0,0,0,100
1356,0,0,0,0,100
1357,5,10,20,20,86.2
1358,5,5,10,15,86.9
1359,5,10,0,0,92.3
1360,0,0,0,0,98.1
1361,0,0,,,100
1362,20,60,20,5,84.9
1363,0,0,0,0,92.4
1364,0,0,,,86.7
1365,5,10,,,96.4
1366,10,2,0,0,64.8
1367,5,30,0,0,88.8
1368,0,0,,,88.9
1369,0,0,10,100,89.3
1370,5,10,5,20,95.6
1371,15,50,0,0,78.2
1372,5,10,0,0,89.9
1373,5,5,,,97.5
1374,0,0,,,68.5
1375,5,25,0,0,91.6
1376,0,0,0,0,100
1377,5,25,,,86
1378,20,5,0,0,95.9
1379,0,0,0,0,91.9
1380,5,5,0,0,98
1381,0,0,,,83.9
1382,0,0,,,51.8
1383,0,0,0,0,38.3
1384,5,10,0,0,97.1
1385,0,0,10,10,82.2
1386,0,0,0,0,26.3
1387,0,0,0,0,36.1
1388,0,0,0,0,56.6
1389,5,10,0,0,97.1
1390,0,0,0,0,47.2
1391,0,0,,,50.4
1392,0,0,0,0,41.4
1393,5,5,0,0,98
1394,5,5,30,10,94
1395,0,0,0,0,65.6
1396,0,0,0,0,50.5
1397,0,0,0,0,40.7
1398,5,10,0,0,97.1
1399,0,0,,,100
1400,0,0,,,100
1401,10,70,10,100,81
1402,10,30,10,10,92.1
1403,10,10,10,10,93.8
1404,0,0,0,0,100
1405,10,5,10,10,95.6
1406,10,10,0,0,95.9
1407,10,80,20,80,73.2
1408,15,80,0,0,68.3
1409,0,0,0,0,31.9
1410,10,80,0,0,61.7
1411,0,0,0,0,21.5
1412,10,80,20,10,77.1
1413,0,0,0,0,44.5
1414,0,0,10,50,48.6
1415,5,100,10,80,64.7
1416,0,0,,,38.9
1417,10,20,30,20,69.9
1418,0,0,,,43.3
1419,5,40,20,30,72.8
1420,10,20,5,20,73.7
1421,0,0,,,63
1422,10,20,,,38.3
1423,20,30,,,83.4
1424,0,0,,,100
1425,0,0,,,95.1
1426,10,20,,,81
1427,0,0,,,96.5
1428,0,0,,,88.4
1429,0,0,10,20,76
1430,0,0,,,61.7
1431,10,10,,,81
1432,10,15,10,30,83.9
1433,0,0,,,84.8
1434,20,30,,,68.6
1435,20,30,,,81.7
1436,10,50,,,63.7
1437,0,0,,,65.2
1438,0,0,,,100
1439,0,0,,,15.9
1440,0,0,,,100
1441,0,0,,,6.7
1442,10,40,0,0,47.1
1443,10,40,,,65
1444,0,0,,,77
1445,30,40,20,60,72.7
1446,20,40,20,20,65
1447,10,10,0,0,74.3
1448,10,10,,,94.9
1449,20,10,0,0,90.7
1450,0,0,,,100
1451,2,5,0,0,96.9
1452,1,5,0,0,88
1453,8,10,0,0,73.8
1454,5,10,0,0,91.4
1455,5,15,,,95.6
1456,5,20,0,0,83.6
1457,0,0,,,100
1458,0,0,,,100
1459,5,10,,,96.4
1460,0,0,2,30,93.9
1461,0,0,,,94.1
1462,0,0,,,86.5
1463,10,20,0,0,88.6
1464,0,0,,,100
1465,10,40,10,40,88.8
1466,5,10,0,0,40.4
1467,10,5,20,5,73.2
1468,5,10,20,40,81.4
1469,10,5,0,0,47.1
1470,5,10,0,0,31.3
1471,0,0,5,20,96.7
1472,10,5,,,84.1
1473,0,0,0,0,93
1474,0,0,0,0,71.7
1475,15,10,0,0,35.8
1476,0,0,,,35.1
1477,30,20,,,74.2
1478,0,0,,,86.7
1479,0,0,,,41.2
1480,0,0,0,0,76.7
1481,0,0,,,91.5
1482,0,0,,,79.7
1483,5,30,5,80,74.2
1484,0,0,0,0,100
1485,0,0,0,0,100
1486,0,0,0,0,100
1487,3,10,30,100,62
1488,0,0,,,78.1
1489,60,30,40,100,57.2
1490,60,30,0,0,79.5
1491,80,80,0,0,52.9
1492,20,80,0,0,36.6
1493,10,95,20,20,63.3
1494,0,0,1,100,44.2
1495,5,2,5,2,86.4
1496,0,0,0,0,90
1497,0,0,5,100,83.7
1498,1,50,0,0,97.1
1499,5,1,5,100,88.1
1500,1,100,1,100,70.4
1527,0,0,0,0,77.6
1528,0,0,0,0,100
1529,0,0,0,0,91
1530,0,0,0,0,80.3
1531,0,0,0,0,83.4
1532,0,0,0,0,100
1533,0,0,0,0,100
1534,0,0,0,0,100
1535,0,0,0,0,100
1536,0,0,0,0,86.1
1537,0,0,0,0,100
1538,0,0,0,0,100
1539,0,0,0,0,89.3
1540,0,0,0,0,78.7
1541,0,0,0,0,93
1542,0,0,,,59.7
1543,0,0,0,0,100
1544,10,30,0,0,77.2
1545,0,0,5,5,81.8
1546,0,0,0,0,86.1
1547,0,0,,,100
1548,0,0,0,0,100
1549,0,0,0,0,100
1550,0,0,0,0,100
1551,0,0,,,100
1552,0,0,0,0,100
1553,0,0,,,100
1554,0,0,0,0,100
1555,0,0,,,82.7
1556,0,0,,,82.7
1557,0,0,,,78.2
1558,0,0,0,0,60.1
1559,0,0,,,89.7
1560,0,0,,,100
1561,0,0,0,0,93
1562,0,0,10,30,75.8
1563,0,0,0,0,88.4
1564,0,0,0,0,88.4
1565,0,0,,,66.1
1566,0,0,,,81.3
1567,0,0,0,0,81.9
1568,0,0,0,0,81.9
1569,0,0,0,0,100
1570,0,0,0,0,100
1571,0,0,0,0,86.1
1572,0,0,0,0,76.5
1573,0,0,0,0,80.3
1574,0,0,0,0,90.2
1575,0,0,0,0,91
1576,0,0,0,0,72.2
1577,0,0,0,0,79.8
1578,0,0,0,0,91
1579,0,0,,,100
1580,2,50,,,91.7
1581,0,0,,,47.2
1582,5,10,,,71.6
1583,0,0,,,87.3
1584,5,80,,,75.8
1585,0,0,,,76.3
1586,0,0,,,70.9
1587,5,80,,,76.9
1588,5,70,,,65.8
1589,10,10,,,81.9
1590,5,30,0,0,75.4
1591,0,0,,,76.9
1592,0,0,,,76.9
1593,3,10,0,0,76.6
1594,0,0,,,76.7
1595,3,10,0,0,80.2
1596,0,0,,,59.7
1597,0,0,5,20,63.6
1598,0,0,0,0,91.9
1599,10,10,0,0,84.1
1600,0,0,,,87.7
1601,0,0,0,0,100
1602,0,0,0,0,100
1603,0,0,0,0,68.8
1604,0,0,0,0,100
1605,0,0,0,0,94.1
1606,0,0,0,0,100
1607,0,0,0,0,100
1608,0,0,0,0,84.4
1609,0,0,0,0,87.2
1610,0,0,,,73.1
1611,0,0,0,0,91
1612,0,0,,,100
1613,0,0,0,0,100
1614,0,0,0,0,100
1615,0,0,,,79.5
1616,0,0,,,100
1617,0,0,0,0,100
1618,0,0,0,0,100
1619,0,0,0,0,87.2
1620,0,0,0,0,90.1
1621,0,0,0,0,100
1622,0,0,,,79.2
1623,0,0,0,0,86.6
1624,0,0,0,0,91.2
1625,0,0,0,0,93
1626,0,0,,,84.5
1627,0,0,0,0,87.2
1628,0,0,,,89
1629,0,0,0,0,88.6
1630,0,0,,,100
1631,10,5,0,0,85.6
1632,0,0,0,0,94.3
1633,0,0,0,0,87.2
1634,0,0,0,0,77.2
1635,0,0,0,0,79
1636,0,0,,,43.8
1637,0,0,0,0,87.9
1638,0,0,0,0,100
1639,0,0,0,0,88.6
1640,0,0,0,0,100
1641,0,0,,,70
1642,0,0,,,83.6
1643,0,0,0,0,86
1644,0,0,0,0,100
1645,0,0,0,0,100
1646,0,0,0,0,100
1647,0,0,0,0,100
1648,0,0,5,5,93.9
1649,0,0,0,0,75.3
1650,0,0,,,77.2
1651,0,0,0,0,100
1652,0,0,30,15,74.7
1653,0,0,,,68
1654,0,0,,,81.3
1655,0,0,,,86.7
1657,0,0,0,0,90
1658,0,0,0,0,88.6
1659,0,0,0,0,84.3
1660,0,0,0,0,100
1661,20,30,0,0,85.7
1662,0,0,,,100
1663,0,0,,,86.7
1664,0,0,0,0,84.9
1665,0,0,2,20,79
1666,1,20,1,30,90.5
1667,5,20,5,20,76.2
1668,5,20,0,0,64.9
1669,0,0,2,10,98.5
1670,1,70,1,20,96.3
1671,0,0,,,58.9
1672,0,0,0,0,73.5
1673,0,0,,,51.8
1674,0,0,0,0,82.1
1676,0,0,,,100
1678,5,40,0,0,86.1
1680,0,0,0,0,98.8
1681,0,0,,,79.5
1682,0,0,0,0,90.1
1683,0,0,0,0,95.6
1684,0,0,,,100
1685,0,0,0,0,91.9
1686,5,10,5,30,77.4
1687,0,0,,,79.5
1688,0,0,30,5,86.8
1689,0,0,5,10,94.2
1690,0,0,0,0,90.4
1691,0,0,5,5,92.3
1692,5,10,25,10,88.6
1693,0,0,0,0,72.4
1694,0,0,0,0,94.3
1695,0,0,0,0,93
1696,0,0,0,0,91
1697,0,0,10,5,97.7
1698,0,0,0,0,84.4
1699,0,0,,,100
1700,0,0,,,81
1701,0,0,0,0,84.2
1702,0,0,,,53.2
1703,0,0,0,0,84
1704,0,0,0,0,100
1705,0,0,0,0,84
1706,0,0,0,0,88.1
1707,0,0,0,0,84.1
1708,0,0,0,0,75.9
1709,0,0,,,63.9
1710,0,0,,,37
1711,0,0,,,51.5
1712,0,0,,,28.5
1713,0,0,,,62.2
1714,5,20,,,68.4
1715,5,50,0,0,93.1
1716,5,40,,,82.9
1717,5,40,,,74.9
1718,0,0,,,61.6
1719,10,30,,,79.1
1720,5,10,0,0,90
1721,0,0,,,91.5
1722,0,0,5,10,90.7
1723,5,25,,,72.7
1724,5,20,,,86.3
1725,5,50,,,72
1726,5,2,0,0,90.9
1727,0,0,0,0,75.5
1728,0,0,0,0,81.5
1729,0,0,0,0,82
1730,5,30,0,0,87.3
1731,10,50,,,63
1732,0,0,0,0,84.4
1733,2,50,5,80,82.6
1734,0,0,0,0,95.9
1735,0,0,,,84.5
1736,0,0,0,0,85.3
1737,0,0,1,10,99
1738,0,0,0,0,96.3
1739,0,0,,,100
1740,3,80,0,0,93.7
1741,0,0,,,100
1742,0,0,0,0,100
1743,0,0,0,0,100
1744,0,0,3,70,95.3
1745,0,0,,,100
1746,0,0,,,82.8
1747,0,0,,,58.1
1748,0,0,0,0,80.3
1749,0,0,5,50,87.5
1750,0,0,0,0,100
1751,3,2,,,98.8
1752,5,100,,,80.8
1753,2,10,,,97.7
1754,0,0,,,77.3
1755,5,10,,,96.4
1756,0,0,,,70.3
1757,0,0,,,92.6
1758,3,10,3,30,88.8
1759,0,0,0,0,100
1760,3,10,0,0,71.5
1761,0,0,0,0,60.4
1762,0,0,0,0,58.9
1763,0,0,0,0,54.7
1764,0,0,,,100
1765,0,0,,,100
1766,0,0,,,81.3
1767,0,0,0,0,79.6
1768,0,0,0,0,77.8
1769,0,0,0,0,54.1
1770,0,0,0,0,83.4
1771,0,0,,,49.5
1772,0,0,5,50,49.5
1773,3,5,,,66.9
1774,0,0,,,67.2
1775,0,0,0,0,70.2
1776,0,0,0,0,62
1777,35,30,0,0,61
1778,0,0,0,0,62.8
1779,0,0,,,77.6
1780,0,0,0,0,90.4
1781,0,0,,,100
1782,0,0,,,100
1783,0,0,,,100
1784,0,0,,,100
1785,0,0,,,86.7
1786,0,0,0,0,91
1787,0,0,,,86.7
1788,0,0,,,43
1789,0,0,,,76.6
1790,0,0,,,100
1791,0,0,0,0,100
1792,5,30,,,84.6
1793,0,0,,,58.4
1794,0,0,,,58.7
1795,0,0,0,0,100
1796,5,10,0,0,91.4
1797,0,0,1,100,93.3
1798,3,10,1,40,86.1
1799,0,0,,,42.4
1800,0,0,,,45
1801,5,20,,,92.9
1802,3,10,1,30,79.5
1803,0,0,1,70,94
1804,0,0,0,0,87.4
1805,0,0,0,0,74.5
1806,5,20,0,0,61.4
1807,5,30,0,0,95
1808,0,0,0,0,70.6
1809,0,0,3,10,82.7
1810,0,0,0,0,98.8
1811,0,0,,,71.5
1812,0,0,0,0,84.9
1813,0,0,5,20,84.7
1814,0,0,0,0,75.5
1815,0,0,0,0,100
1816,0,0,0,0,100
1817,0,0,0,0,100
1818,10,5,0,0,97.1
1819,0,0,,,40.7
1820,5,10,5,50,75.7
1821,0,0,,,81.3
1822,5,10,0,0,83.8
1823,10,50,0,0,84.4
1824,0,0,,,45.9
1825,0,0,,,71
1826,5,5,,,81.5
1827,0,0,,,45
1828,0,0,0,0,100
1829,10,50,,,35.9
1830,0,0,,,3.4
1831,0,0,,,100
1832,0,0,,,66.2
1833,0,0,,,57.6
1834,0,0,,,83
1835,0,0,0,0,100
1836,20,20,,,75.4
1837,0,0,0,0,74.3
1838,5,80,,,70.7
1839,0,0,,,100
1840,5,10,0,0,93.4
1841,15,5,0,0,72.9
1842,10,5,,,90.9
1843,0,0,5,20,84.1
1844,0,0,,,18
1845,0,0,0,0,75.3
1846,0,0,0,0,83.3
1847,0,0,,,100
1848,0,0,,,14.3
1849,10,60,,,53.6
1850,0,0,,,14.3
1851,0,0,,,26.9
1852,0,0,,,47
1853,0,0,,,24.8
1854,0,0,,,55.3
1855,0,0,,,45.2
1856,0,0,,,14.3
1857,0,0,,,55.3
1858,0,0,,,48.3
1859,0,0,,,22.4
1860,0,0,,,34.2
1861,0,0,,,63.6
1862,0,0,,,5.1
1863,5,15,0,0,86.2
1864,5,10,0,0,77.2
1865,0,0,0,0,100
1866,0,0,10,20,30.1
1867,0,0,,,100
1868,0,0,0,0,84.4
1869,0,0,,,75.5
1870,20,20,0,0,87.9
1871,0,0,,,90.5
1872,20,10,0,0,89.4
1873,0,0,,,86.6
1874,20,10,0,0,93.1
1875,0,0,0,0,100
1876,0,0,0,0,90.8
1877,0,0,0,0,90.1
1878,0,0,0,0,79.8
1879,2,20,0,0,78.6
1880,0,0,0,0,89.3
1881,0,0,0,0,85.1
1882,10,10,20,30,78
1883,0,0,5,20,80.5
1884,0,0,20,30,80.8
1885,0,0,0,0,92.3
1886,0,0,0,0,100
1887,5,20,5,20,69.9
1888,0,0,0,0,100
1889,10,10,0,0,83.8
1890,0,0,,,90.8
1891,10,20,10,30,91.1
1892,0,0,,,90.5
1893,10,20,0,0,94.1
1894,0,0,,,44.2
1895,0,0,,,100
1896,30,100,,,72.2
1897,0,0,0,0,100
1898,0,0,0,0,93.9
1899,20,30,,,40.8
1900,30,50,20,30,71.5
1901,20,30,0,0,61.6
1902,10,20,0,0,91.8
1903,30,30,0,0,28.8
1904,20,30,0,0,48.5
1905,0,0,20,50,67.1
1906,30,50,20,30,58.9
1907,0,0,,,100
1908,10,10,,,85.9
1909,10,20,0,0,33.6
1910,10,50,10,50,69.9
1911,20,20,30,30,60.8
1912,10,20,20,30,66.9
1913,5,20,20,50,64.3
1914,20,30,30,50,54.3
1915,5,10,10,30,72.9
1916,5,30,,,91.4
1917,10,20,30,50,64.2
1918,10,20,10,30,77.1
1919,0,0,10,20,78.5
1920,0,0,0,0,100
1921,0,0,20,40,75
1922,5,50,0,0,90.7
1923,0,0,,,78.8
1924,0,0,0,0,93.6
1925,10,20,0,0,75.1
1926,10,20,0,0,91.3
1927,10,20,0,0,73.5
1928,20,30,50,50,38.9
1929,20,30,0,0,52.4
1930,10,10,30,50,64.9
1931,10,20,20,30,53.1
1932,10,30,40,50,51.5
1933,10,20,30,50,54.5
1934,10,50,20,30,53.2
1935,5,10,0,0,81.5
1936,10,50,0,0,67.5
1937,10,30,10,20,44.2
1938,10,30,,,50.8
1939,10,30,5,30,75.8
1940,3,30,,,95.2
1941,10,20,,,54.5
1942,0,0,,,43.9
1943,0,0,,,55.3
1944,0,0,,,55.8
1945,0,0,0,0,84.4
1946,0,0,0,0,91.1
1947,0,0,,,43.6
1948,0,0,,,75.5
1949,0,0,,,82.7
1950,0,0,0,0,93.6
1951,0,0,0,0,100
1952,10,10,0,0,95.9
1953,10,50,,,66.7
1954,10,10,0,0,90.7
1955,20,50,,,61.6
1956,10,50,,,67.9
1957,0,0,0,0,86.7
1958,0,0,,,63.3
1959,0,0,0,0,100
1960,5,10,0,0,97.1
1961,5,10,,,94.8
1962,0,0,,,81.4
1963,20,30,20,30,80.5
1964,10,20,30,70,49.5
1965,0,0,,,100
1966,10,30,0,0,69.7
1967,3,10,0,0,97.8
1968,0,0,,,78.1
1969,0,0,,,88.8
1970,0,0,,,87.7
1971,5,20,0,0,95.7
1972,3,30,0,0,89.1
1973,3,30,0,0,87.2
1974,10,10,,,70.1
1975,0,0,0,0,74.8
1976,10,20,,,66.3
1977,0,0,0,0,86.1
1978,10,30,,,71.7
1979,0,0,0,0,87.2
1980,5,20,10,80,58.4
1981,10,10,0,0,95.9
1982,10,30,,,74
1983,0,0,0,0,100
1984,10,30,0,0,84.5
1985,0,0,0,0,87.9
1986,0,0,0,0,88.6
1987,10,5,0,0,92.8
1988,30,30,0,0,87.7
1989,0,0,,,67.1
1990,0,0,,,77.8
1991,0,0,0,0,90.4
1992,0,0,0,0,100
1993,0,0,0,0,97.1
1994,5,10,0,0,92.2
1995,10,50,5,10,61
1996,10,30,0,0,88.8
1997,5,20,0,0,90.8
1998,0,0,,,65.3
1999,0,0,0,0,100
2000,0,0,0,0,100
2001,0,0,,,33.6
2002,0,0,,,70
2003,0,0,0,0,85.1
2004,0,0,0,0,72
2005,0,0,0,0,82.7
2006,0,0,0,0,84.4
2007,5,20,10,10,84.1
2008,0,0,0,0,83.7
2009,0,0,0,0,84.4
2010,0,0,0,0,80
2011,0,0,0,0,70
2012,0,0,0,0,53.1
2013,5,5,0,0,94.1
2014,5,50,0,0,90.1
2015,0,0,,,75.5
2016,0,0,,,78.1
2017,10,30,0,0,85.1
2018,0,0,0,0,14.7
2019,0,0,0,0,61.2
2020,60,50,20,20,76.7
2021,0,0,0,0,93.5
2022,0,0,,,100
2023,0,0,,,86.7
2024,0,0,,,91.6
2025,0,0,,,94.5
2026,5,10,0,0,90.2
2027,10,5,0,0,93
2028,0,0,0,0,100
2029,30,25,30,5,83.6
2030,20,30,0,0,84.6
2031,50,70,0,0,75.7
2032,100,70,0,0,63.1
2033,30,30,0,0,87.7
2034,0,0,0,0,100
2035,10,30,0,0,76.1
2036,50,10,0,0,89.8
2037,10,30,0,0,86.4
2038,5,50,0,0,93.5
2039,10,30,10,30,69.9
2040,10,30,,,87.1
2041,10,20,,,85.8
2042,10,30,,,75.9
2043,50,50,20,20,66.7
2044,20,20,10,10,77.2
2045,40,50,50,50,74.9
2046,10,80,0,0,87.4
2047,20,50,10,30,78.8
2048,30,40,50,2,80.4
2049,40,60,0,0,33.9
2050,30,30,,,69.4
2051,50,50,,,71.8
2052,30,40,,,78.6
2053,30,80,20,50,75.3
2054,10,30,0,0,92.9
2055,0,0,0,0,100
2056,30,30,0,0,72.9
2057,0,0,,,91.9
2058,0,0,,,100
2059,40,20,,,85.6
2060,20,10,,,92.8
2061,10,10,0,0,90.8
2062,0,0,,,81.3
2063,10,30,,,91.2
2064,0,0,,,100
2065,40,10,,,89.8
2066,40,30,,,74.3
2067,50,1,,,93.1
2068,50,20,,,75.3
2069,30,30,,,63.8
2070,30,30,0,0,72.8
2071,30,20,,,70.7
2072,40,10,,,89.8
2073,40,20,,,85.6
2074,50,25,,,82
2075,20,30,,,77.1
2076,0,0,,,100
2077,40,30,,,74.3
2078,30,30,,,64.1
2079,10,30,,,66.4
2080,50,30,0,0,84.2
2081,0,0,,,95.2
2082,50,30,,,79.7
2083,30,40,0,0,85.8
2084,10,20,0,0,94.2
2085,30,10,,,91.2
2086,0,0,,,100
2087,40,30,50,50,63.3
2088,50,20,0,0,87.1
2089,30,30,0,0,87.7
2090,10,20,0,0,94.2
2091,0,0,0,0,94.5
2092,40,30,10,20,74.3
2093,30,80,0,0,32
2094,0,0,0,0,54.1
2095,10,30,0,0,49.6
2096,5,20,10,80,79.4
2097,50,50,30,50,55.1
2098,0,0,,,20
2099,50,50,,,57
2100,30,30,,,74.5
2101,10,20,,,85.8
2102,30,70,0,0,61.1
2103,0,0,,,100
2104,0,0,,,100
2105,10,30,0,0,51.5
2106,0,0,0,0,40.2
2107,50,50,0,0,61.3
2108,30,50,,,68.6
2109,10,10,0,0,95.9
2110,40,10,,,78.7
2111,0,0,,,100
2112,30,70,30,50,65
2113,30,40,,,46.6
2114,30,80,20,50,34.6
2115,30,50,0,0,41.3
2116,5,30,10,25,76.4
2117,15,20,0,0,29.9
2118,0,0,0,0,96
2119,20,5,,,42
2120,20,5,,,87.7
2121,5,20,,,68.9
2122,5,20,,,60.5
2123,5,10,0,0,69.9
2124,5,25,0,0,33.5
2125,2,80,50,5,85.9
2126,10,30,10,10,40.7
2127,0,0,,,67.5
2128,0,0,,,45.3
2129,0,0,,,26.1
2130,0,0,0,0,72.8
2131,30,50,0,0,50.6
2132,30,80,20,20,50.8
2133,40,70,0,0,78.3
2134,10,20,0,0,29.5
2135,30,50,10,50,77.2
2136,0,0,0,0,18.2
2137,0,0,0,0,42
2138,0,0,0,0,52.4
2139,30,50,0,0,24.8
2140,0,0,20,70,44
2141,0,0,30,30,83.9
2142,0,0,,,95.7
2143,0,0,0,0,51.1
2144,0,0,0,0,98.6
2145,0,0,0,0,55.2
2146,5,20,0,0,95.9
2147,0,0,,,60.1
2148,0,0,0,0,100
2149,10,30,,,79.3
2150,10,10,0,0,88.5
2151,0,0,0,0,100
2152,0,0,,,73.5
2153,5,50,,,92
2154,5,50,0,0,93.5
2155,15,20,10,20,65.5
2156,5,20,0,0,95.9
2157,15,30,0,0,91.3
2158,5,20,0,0,93.7
2159,10,2,0,0,93.7
2160,10,20,0,0,77.6
2161,0,0,20,30,86
2162,0,0,0,0,94.7
2163,10,10,10,20,92.4
2164,40,50,20,50,74.8
2165,0,0,0,0,100
2166,20,40,10,50,75.8
2167,40,50,10,50,65.3
2168,10,50,10,50,61.3
2169,20,20,10,50,72
2170,10,30,10,50,78
2171,10,20,10,50,81.8
2172,0,0,0,0,94.2
2173,30,30,0,0,75.9
2174,10,20,0,0,79.1
2175,20,30,0,0,90
2176,10,30,0,0,92.3
2177,20,50,0,0,85.6
2178,20,30,,,77.5
2179,0,0,,,17.8
2180,0,0,0,0,21.6
2181,30,50,0,0,61.9
2182,20,30,0,0,82.9
2183,10,50,,,88.6
2184,15,30,0,0,24.7
2185,20,80,20,20,67.7
2186,10,20,,,74.5
2187,20,50,,,70.7
2188,10,80,0,0,34
2189,10,30,,,64.2
2190,5,20,0,0,37.9
2191,0,0,0,0,93.3
2192,0,0,0,0,100
2193,0,0,0,0,100
2194,0,0,0,0,93.9
2195,0,0,0,0,100
2196,0,0,0,0,84.4
2197,0,0,0,0,100
2198,0,0,0,0,87.2
2199,0,0,0,0,88.7
2200,0,0,0,0,91
2201,0,0,0,0,84.4
2202,0,0,0,0,100
2203,0,0,0,0,100
2204,10,20,0,0,92.7
2205,0,0,,,75.5
2206,0,0,0,0,100
2207,10,30,0,0,90.2
2208,30,30,5,20,65.2
2209,0,0,0,0,83.5
2210,0,0,0,0,87.6
2211,10,30,0,0,92.9
2212,30,30,0,0,85
2213,0,0,0,0,93.7
2214,10,30,0,0,82.6
2215,0,0,0,0,16.3
2216,0,0,0,0,40.2
2217,0,0,0,0,91
2218,0,0,,,100
2219,0,0,0,0,86.1
2220,0,0,0,0,88.5
2221,10,50,0,0,90.6
2222,0,0,,,75.5
2223,0,0,0,0,74.4
2224,0,0,0,0,100
2225,0,0,0,0,55.5
2226,20,30,0,0,90
2227,0,0,0,0,100
2228,0,0,0,0,100
2229,0,0,0,0,100
2230,20,50,,,83.9
2231,0,0,10,20,90.8
2232,10,20,,,74.5
2233,0,0,0,0,100
2234,0,0,,,100
2235,0,0,,,70
2236,0,0,,,100
2237,0,0,,,70
2238,5,40,,,78.3
2239,10,30,,,77.7
2240,0,0,0,0,100
2241,10,30,0,0,88
2242,5,30,,,82.4
2243,0,0,,,87.7
2244,15,40,,,81.7
2245,0,0,,,78.1
2246,0,0,0,0,100
2247,20,50,20,30,83.6
2248,0,0,0,0,91
2249,0,0,0,0,100
2250,5,30,0,0,90.4
2251,0,0,0,0,100
2252,10,20,10,20,85
2253,0,0,0,0,87.2
2254,10,30,0,0,92.9
2255,0,0,0,0,100
2256,0,0,0,0,8.8
2257,5,80,0,0,91.8
2258,10,50,0,0,29.2
2259,0,0,0,0,100
2260,0,0,0,0,89.8
2261,50,50,,,60.7
2262,0,0,20,20,93.2
2263,30,30,,,66.3
2264,0,0,0,0,92.8
2265,20,20,,,78.7
2266,30,50,10,10,83.6
2267,20,30,10,50,72.5
2268,20,30,0,0,71
2269,10,30,10,30,79.5
2270,30,50,10,30,71.5
2271,30,80,10,50,49.7
2272,50,40,0,0,41.7
2273,20,40,0,0,88.4
2274,20,20,0,0,91.8
2275,20,30,0,0,77.9
2276,0,0,0,0,60.6
2277,0,0,,,100
2278,0,0,,,100
2279,0,0,0,0,100
2280,0,0,,,100
2281,0,0,,,100
2282,0,0,,,100
2283,0,0,0,0,100
2284,0,0,,,82.7
2285,0,0,0,0,100
2286,0,0,,,70
2287,0,0,,,75.5
2288,0,0,,,75.5
2289,0,0,,,70
2290,0,0,0,0,100
2291,0,0,,,79.2
2292,0,0,0,0,100
2293,0,0,,,100
2294,0,0,,,100
2295,0,0,,,100
2296,0,0,,,100
2297,0,0,,,100
2298,0,0,,,100
2299,0,0,0,0,100
2300,5,20,0,0,83.8
2301,0,0,,,78.8
2302,5,20,0,0,85.6
2303,0,0,,,100
2304,10,20,0,0,92.9
2305,1,50,0,0,29.1
2306,0,0,0,0,100
2307,0,0,0,0,100
2308,0,0,,,100
2309,0,0,0,0,100
2310,0,0,,,100
2311,0,0,0,0,100
2312,0,0,0,0,100
2313,0,0,,,100
2314,0,0,0,0,100
2315,20,40,20,40,85.2
2316,20,70,,,81
2317,20,50,,,83.9
2318,0,0,,,100
2319,50,50,30,50,67.2
2320,0,0,0,0,87.3
2321,0,0,0,0,100
2322,30,50,40,30,80.6
2323,5,20,0,0,95.9
2324,30,30,30,30,84.3
2325,30,40,0,0,69.7
2326,0,0,0,0,100
2327,0,0,0,0,100
2328,0,0,0,0,100
2329,0,0,0,0,100
2330,0,0,0,0,100
2331,0,0,0,0,100
2332,0,0,0,0,100
2333,30,5,0,0,95
2334,0,0,,,86.6
2335,0,0,,,75.5
2336,50,30,20,30,66.4
2337,50,50,30,50,55.5
2338,0,0,,,68.3
2339,50,80,30,20,57.4
2340,30,50,0,0,73.1
2341,0,0,0,0,6.2
2342,0,0,,,31.3
2343,1,70,0,0,61.8
2344,2,50,0,0,95.9
2345,0,0,0,0,100
2346,2,30,0,0,90.6
2347,5,20,5,80,92.3
2348,2,30,0,0,93.6
2349,2,30,0,0,81.5
2350,0,0,0,0,100
2351,50,70,30,80,57
2352,0,0,,,3.3
2353,50,50,50,20,77.1
2354,5,30,0,0,95
2355,20,30,0,0,89.4
2356,0,0,,,100
2357,0,0,,,100
2358,0,0,,,100
2359,0,0,0,0,17.5
2360,50,20,0,0,86.3
2361,0,0,0,0,80.1
2362,30,80,0,0,36.9
2363,50,50,30,50,67.6
2364,20,20,0,0,91.8
2365,0,0,30,5,93
2366,50,20,,,81.3
2367,50,20,,,77.4
2368,0,0,,,100
2369,0,0,,,100
2370,0,0,0,0,100
2371,2,30,0,0,93.4
2372,0,0,0,0,100
2373,0,0,0,0,100
2374,0,0,0,0,100
2375,50,30,0,0,84.2
2393,0,0,,,79.4
2394,0,0,0,0,49.6
2395,0,0,,,100
2396,0,0,,,84.3
2397,0,0,,,70.9
2398,0,0,,,91.5
2399,0,0,,,69.9
2400,0,0,,,74.6
2401,0,0,,,78.2
2402,0,0,,,72.1
2403,0,0,0,0,88.4
2404,0,0,0,0,86.1
2405,0,0,,,100
2406,0,0,,,72.3
2407,0,0,5,70,81.4
2408,5,20,0,0,61.4
2409,5,100,5,50,84.9
2410,0,0,,,100
2411,0,0,,,88.7
2412,0,0,,,70
2413,0,0,,,58.1
2414,0,0,0,0,47.1
2415,0,0,,,40.7
2416,0,0,0,0,17.6
2417,5,40,0,0,77.5
2418,5,30,0,0,82.5
2419,20,40,0,0,77.8
2420,10,90,0,0,78.7
2421,5,10,5,15,96
2422,0,0,0,0,97.5
2423,0,0,0,0,90.1
2424,0,0,0,0,100
2425,5,60,,,80.6
2426,0,0,,,100
2427,0,0,,,100
2428,0,0,,,91.5
2429,0,0,,,100
2430,0,0,0,0,89.4
2431,0,0,,,94.1
2432,0,0,0,0,89.9
2433,0,0,,,61.4
2434,5,3,0,0,98.4
2435,0,0,,,100
2436,0,0,,,100
2437,0,0,0,0,82.5
2438,0,0,,,90.5
2439,15,20,,,65.5
2440,10,50,,,80.8
2441,0,0,0,0,87.8
2442,0,0,,,86.6
2443,0,0,,,40.7
2444,0,0,10,100,74.6
2445,5,20,0,0,76.4
2446,0,0,10,30,78.7
2447,0,0,10,60,90.6
2448,0,0,,,86.7
2449,0,0,0,0,66.5
2450,5,40,0,0,61.9
2451,0,0,,,100
2452,0,0,,,75.7
2453,0,0,,,100
2454,0,0,,,78.1
2455,0,0,,,78.2
2456,0,0,,,86.7
2457,0,0,,,67
2458,5,80,0,0,81
2459,0,0,0,0,87.4
2460,5,60,0,0,92.9
2461,10,10,0,0,95.9
2462,5,50,5,100,90.3
2463,0,0,0,0,100
2464,0,0,0,0,76.4
2465,0,0,0,0,100
2466,0,0,0,0,100
2467,0,0,0,0,100
2468,0,0,0,0,100
2469,0,0,0,0,80.6
2470,3,10,,,75.3
2471,0,0,3,30,91.1
2472,0,0,,,50.5
2473,0,0,,,47.1
2474,50,70,30,90,63.6
2475,70,70,30,50,50.9
2476,0,0,1,10,94.1
2477,10,30,0,0,57.1
2478,0,0,0,0,73.2
2479,30,5,0,0,58.1
2480,2,5,0,0,54.9
2481,30,20,0,0,35.8
2482,0,0,0,0,60.8
2483,0,0,0,0,88.6
2484,0,0,,,54
2485,0,0,,,39.1
2486,0,0,0,0,23.3
2487,0,0,0,0,15.2
2488,50,60,0,0,33.4
2489,0,0,0,0,48.5
2490,40,50,0,0,57.4
2491,5,30,0,0,82
2492,10,5,0,0,82.1
2493,5,70,,,71.5
2494,5,2,0,0,88.6
2495,10,60,20,20,79.1
2496,5,30,,,46.5
2497,15,5,1,15,56.9
2498,0,0,0,0,13.9
2499,0,0,,,72.5
2500,10,10,,,66.4
2501,5,10,,,71.3
2502,0,0,,,86.7
2503,0,0,,,100
2504,10,20,20,30,78
2505,0,0,0,0,100
2506,0,0,0,0,71.4
2507,0,0,,,70
2508,5,5,0,0,93.2
2509,15,30,,,89.2
2510,5,30,0,0,91.5
2511,0,0,0,0,69.4
2512,0,0,0,0,100
2513,5,30,0,0,84.8
2514,5,50,0,0,88.2
2515,0,0,0,0,71.8
2516,0,0,0,0,90.2
2517,20,30,0,0,87.1
2518,10,30,0,0,87.9
2519,0,0,,,89
2520,5,30,,,89.6
2521,0,0,5,100,71.9
2522,0,0,10,50,87.8
2523,0,0,,,69.1
2524,0,0,0,0,76.5
2525,1,100,,,77.1
2526,7,30,0,0,60.7
2527,70,30,0,0,72
2528,70,30,3,20,64.3
2529,0,0,,,71.7
2530,100,90,2,100,67.6
2531,10,50,0,0,86.6
2532,10,70,,,35.8
2533,0,0,,,81.3
2534,0,0,,,73.5
2535,0,0,,,40.7
2536,0,0,,,68.3
2537,0,0,,,100
2538,0,0,,,54.7
2539,10,80,,,70.3
2540,5,15,,,79.8
2541,0,0,,,81.3
2542,0,0,,,57
2543,0,0,0,0,48.7
2544,0,0,,,62.5
2545,0,0,,,84.6
2546,5,20,,,69.6
2547,20,50,,,65.2
2548,0,0,,,49.1
2549,0,0,,,78.3
2550,0,0,0,0,66.3
2551,0,0,0,0,58
2552,15,80,0,0,71
2553,0,0,0,0,92.7
2554,0,0,0,0,74.4
2555,5,100,0,0,90.9
2556,0,0,,,74.2
2557,0,0,,,51.5
2558,0,0,,,100
2559,10,15,0,0,78.3
2560,0,0,,,79.9
2561,0,0,,,68.3
2562,0,0,,,73.4
2563,0,0,,,86.7
2564,0,0,0,0,74.7
2565,0,0,,,67.2
2566,0,0,0,0,85.4
2567,0,0,0,0,80.1
2568,0,0,,,42.2
2569,0,0,,,18.4
2570,0,0,0,0,71.2
2571,0,0,,,54.7
2572,0,0,,,54.7
2573,0,0,,,63.9
2574,0,0,,,59.3
2575,0,0,,,40.7
2576,0,0,,,12.5
2577,0,0,,,31.3
2578,30,100,30,5,57.8
2579,0,0,,,17.8
2580,5,3,5,100,85.7
2581,0,0,0,0,65.6
2582,0,0,0,0,55.1
2583,0,0,20,100,48
2584,5,30,5,100,84.6
2585,0,0,,,100
2586,0,0,0,0,36.7
2587,5,20,0,0,27.8
2588,5,75,0,0,39.9
2589,0,0,5,100,58.4
2590,30,100,0,0,29.3
2591,30,100,0,0,33
2592,30,80,0,0,37.4
2593,3,60,0,0,65
2594,30,10,0,0,70.8
2595,40,70,,,72.1
2596,10,1,0,0,73
2597,0,0,,,100
2598,10,1,0,0,92.6
2599,90,10,50,70,55.5
2600,70,50,0,0,54
2601,80,100,0,0,47.6
2602,10,30,,,28.7
2603,10,50,,,35.7
2604,10,30,,,22.3
2605,10,30,,,47.1
2606,10,30,,,58.1
2607,10,10,0,0,24.9
2608,0,0,,,2.7
2609,0,0,,,3.3
2610,0,0,,,1.6
2611,10,30,10,30,39.4
2612,0,0,,,37
2613,10,50,10,50,62.3
2614,10,20,10,20,92.6
2615,10,40,10,50,32.2
2616,10,30,,,38.4
2617,5,30,0,0,52.7
2618,10,20,5,10,74.3
2619,0,0,0,0,80.5
2620,0,0,,,100
2621,5,30,,,60.7
2622,0,0,0,0,75.5
2623,0,0,0,0,100
2624,5,50,,,92
2625,0,0,,,100
2626,5,20,5,20,88.9
2627,10,20,10,20,70.7
2628,10,20,10,30,61.6
2629,10,20,0,0,60.7
2630,15,50,0,0,55.8
2631,10,50,10,30,61.7
2632,5,20,15,50,78.3
2633,0,0,0,0,58.3
2634,10,20,15,80,87.1
2635,0,0,,,24.6
2636,0,0,10,30,59.1
2637,5,50,10,30,60.5
2638,5,20,0,0,71.9
2639,0,0,20,10,32.7
2640,10,20,0,0,59
2641,10,30,0,0,53.1
2642,10,30,0,0,48.2
2643,10,30,0,0,84.3
2644,5,10,0,0,64.2
2645,0,0,0,0,81
2646,0,0,0,0,72.1
2647,10,30,10,40,37.3
2648,10,50,5,10,54.1
2649,10,50,,,56.6
2650,0,0,,,26.1
2651,10,30,0,0,24.7
2652,10,50,,,7.8
2653,10,30,0,0,66.3
2654,0,0,0,0,73.2
2655,0,0,0,0,83.8
2656,10,10,,,64.2
2657,20,10,,,79.9
2658,0,0,0,0,100
2659,0,0,,,100
2660,5,20,,,94.9
2661,0,0,,,78.1
2662,0,0,,,100
2663,30,20,10,10,68.6
2664,0,0,0,0,100
2665,10,10,,,94.9
2666,20,30,,,66.4
2667,0,0,0,0,100
2668,0,0,,,100
2669,0,0,,,75.5
2670,0,0,,,51.8
2671,0,0,,,100
2672,0,0,,,100
2673,0,0,0,0,76.5
2674,0,0,0,0,84.4
2675,0,0,,,100
2676,0,0,,,100
2677,0,0,0,0,100
2678,0,0,0,0,100
2679,0,0,0,0,70.9
2680,10,10,,,85.8
2681,10,20,5,10,76
2682,0,0,10,40,71.6
2683,5,50,,,67.6
2684,30,10,,,79.3
2685,0,0,0,0,73.2
2686,30,30,,,59.5
2687,0,0,0,0,70.9
2688,0,0,0,0,100
2689,0,0,,,100
2690,0,0,0,0,100
2691,0,0,0,0,100
2692,0,0,0,0,88.4
2693,0,0,0,0,100
2694,0,0,0,0,84.4
2695,0,0,0,0,87.2
2696,0,0,0,0,100
2697,0,0,0,0,100
2698,0,0,0,0,88.5
2699,0,0,,,63
2700,0,0,0,0,90.1
2701,0,0,,,75.5
2702,5,20,0,0,86
2703,0,0,0,0,93.4
2704,0,0,0,0,100
2705,0,0,0,0,87.2
2706,0,0,0,0,100
2707,0,0,0,0,100
2708,0,0,,,100
2709,0,0,,,100
2710,0,0,0,0,100
2711,0,0,,,100
2712,0,0,0,0,100
2713,0,0,0,0,100
2714,0,0,0,0,25.7
2715,0,0,,,15.4
2716,0,0,0,0,8.7
2717,5,10,0,0,14.6
2718,5,10,0,0,14.6
2719,5,10,0,0,14.6
2720,0,0,0,0,22
2721,5,20,5,60,50.4
2722,10,20,5,60,27.1
2723,0,0,10,30,15.1
2724,5,20,0,0,15.3
2725,5,30,10,50,33.2
2726,2,50,,,94.9
2727,0,0,,,92.2
2728,0,0,,,29.7
2729,0,0,,,30.8
2730,0,0,0,0,19.3
2731,0,0,0,0,19.3
2732,0,0,0,0,6.8
2733,0,0,0,0,28.5
2734,0,0,,,24.4
2735,0,0,,,4.2
2736,2,20,0,0,20.1
2737,5,20,5,20,49.5
2738,0,0,,,71.3
2739,0,0,,,65.3
2740,0,0,0,0,86
2741,0,0,,,51.8
2742,5,70,0,0,58.7
2743,5,20,,,42.5
2744,10,40,,,59.3
2745,10,100,0,0,54
2746,10,40,,,68.3
2747,0,0,0,0,91
2748,0,0,,,65.3
2749,0,0,0,0,91
2750,0,0,0,0,100
2751,0,0,0,0,100
2752,0,0,,,100
2753,0,0,0,0,100
2754,10,40,0,0,12.3
2755,15,90,10,100,52.1
2756,0,0,,,100
2757,0,0,0,0,93.6
2758,0,0,0,0,91
2759,3,5,25,50,86.9
2760,0,0,10,20,87.5
2761,0,0,0,0,83.2
2762,0,0,30,10,64.5
2763,10,30,0,0,44.9
2764,0,0,0,0,53.8
2765,0,0,,,100
2766,0,0,,,100
2767,0,0,,,86.6
2768,30,30,,,55.7
2769,0,0,,,100
2770,0,0,,,79.5
2771,0,0,,,100
2772,10,10,,,94.9
2773,30,30,,,49.4
2774,30,30,,,46.1
2775,0,0,,,75.5
2776,0,0,,,100
2777,10,10,,,59
2778,10,5,,,86.3
2779,30,30,,,64.1
2780,20,20,,,64.2
2781,0,0,,,82.7
2782,30,20,,,57.2
2783,10,30,,,65
2784,0,0,,,14
2785,10,50,,,46.3
2786,0,0,,,83.7
2787,0,0,,,14
2788,0,0,,,14
2789,50,20,,,40.3
2790,30,30,,,33.1
2791,0,0,,,100
2792,0,0,,,14
2793,0,0,,,59.3
2794,0,0,,,12.1
2795,15,30,,,54.5
2796,0,0,,,17.8
2797,0,0,,,17.8
2798,0,0,,,17.8
2799,0,0,,,17.8
2800,10,20,,,11.1
2801,0,0,0,0,36.1
2802,10,30,,,62.2
2803,10,10,,,72.1
2804,10,40,,,54.5
2805,0,0,,,17.8
2806,0,0,,,14
2807,0,0,,,17.8
2808,10,10,,,68.7
2809,0,0,0,0,36.1
2810,0,0,0,0,36.1
2811,0,0,0,0,44.5
2812,0,0,0,0,47.5
2813,20,20,,,71.6
2814,30,40,,,39.5
2815,30,30,,,28.3
2816,30,30,,,43.2
2817,0,0,0,0,61.4
2818,20,30,,,74.4
2819,30,30,,,50.1
2820,0,0,0,0,100
2821,0,0,,,100
2822,30,30,,,49.4
2823,20,20,0,0,91.4
2824,0,0,10,20,95.4
2825,0,0,0,0,8.4
2826,0,0,0,0,100
2827,10,40,10,50,62.8
2828,0,0,,,74.6
2829,20,50,10,50,64.8
2830,20,30,10,50,62.4
2831,10,50,10,50,62.5
2832,20,40,10,30,60.5
2833,20,30,10,40,63.1
2834,20,80,10,50,56.9
2835,10,50,10,30,69.4
2836,10,50,10,50,67.6
2837,20,40,20,20,42.5
2838,10,30,20,20,57.8
2839,20,50,10,50,46.8
2840,20,30,0,0,54.5
2841,20,50,10,10,69.3
2842,20,30,20,50,60.9
2843,10,20,0,0,79.5
2844,20,30,0,0,60.5
2845,0,0,10,50,77.2
2846,0,0,,,69.8
2847,0,0,,,85.5
2848,0,0,,,71.8
2849,0,0,,,71.8
2850,0,0,,,86.7
2851,0,0,,,86.7
2852,0,0,,,81.3
2853,0,0,,,81.3
2854,0,0,,,58.1
2855,10,30,,,68.8
2856,10,20,10,50,75
2857,0,0,0,0,77.9
2858,10,30,,,56.1
2859,10,30,,,54.4
2860,10,10,0,0,71.9
2861,0,0,0,0,42.9
2862,10,10,0,0,68.9
2863,10,20,0,0,46.2
2864,10,20,10,40,66.1
2865,0,0,,,100
2866,10,20,0,0,78.8
2867,0,0,,,81.3
2868,10,20,,,40.3
2869,20,30,,,32.5
2870,10,20,,,34.3
2871,10,20,,,44.4
2872,0,0,,,47.5
2873,0,0,,,54.7
2874,10,30,10,30,70.1
2875,15,20,10,30,70.6
2876,0,0,0,0,78.9
2877,0,0,,,100
2878,0,0,,,82.7
2879,0,0,,,89
2880,0,0,,,75.5
2881,0,0,,,81
2882,0,0,,,57.3
2883,0,0,,,65.3
2884,10,20,0,0,92.5
2885,0,0,0,0,100
2886,0,0,0,0,80.9
2887,0,0,0,0,100
2888,0,0,,,78.1
2889,0,0,,,83.6
2890,0,0,20,40,76.4
2891,0,0,,,51.6
2892,0,0,0,0,46.6
2893,0,0,0,0,78.7
2894,0,0,0,0,80
2895,0,0,,,78.1
2896,10,10,20,40,72.8
2897,0,0,0,0,78.6
2898,0,0,,,100
2899,0,0,,,75.5
2900,0,0,,,100
2901,0,0,,,100
2902,15,10,20,20,86.9
2903,10,15,0,0,95
2904,0,0,0,0,77.4
2905,0,0,0,0,41.3
2906,0,0,0,0,71.6
2907,0,0,0,0,53.5
2908,0,0,0,0,60.9
2909,0,0,0,0,97.9
2910,0,0,0,0,53.5
2911,0,0,,,47
2912,0,0,,,75.5
2913,0,0,,,17.8
2914,0,0,,,15.8
2915,0,0,,,100
2916,0,0,,,44.8
2917,0,0,,,30.7
2918,0,0,,,30.7
2919,0,0,,,24
2920,0,0,,,45.7
2921,0,0,25,40,77.8
2922,0,0,,,30.7
2923,0,0,0,0,69.8
2924,0,0,,,63.1
2925,0,0,,,31.3
2926,0,0,,,47
2927,0,0,,,40.7
2928,0,0,,,30.7
2929,0,0,,,82.7
2930,0,0,,,29.3
2931,0,0,,,59.8
2932,0,0,,,43
2933,0,0,,,35.5
2934,0,0,,,66.6
2935,0,0,,,100
2936,0,0,,,60.8
2937,0,0,,,41.2
2938,0,0,,,37.1
2939,0,0,,,61.6
2940,0,0,,,52.5
2941,15,10,0,0,60.9
2942,0,0,,,38.1
2943,0,0,0,0,66.9
2944,20,20,0,0,51.6
2945,0,0,,,71.8
2946,0,0,,,67.2
2947,0,0,,,72.4
2948,0,0,,,62.5
2949,30,20,,,48.1
2950,0,0,,,60.8
2951,0,0,0,0,53.4
2952,0,0,,,54.1
2953,10,30,0,0,52.8
2954,0,0,,,40.7
2955,0,0,,,40.7
2956,0,0,,,70.1
2957,0,0,,,73.3
2958,0,0,,,68.4
2959,0,0,,,75.1
2960,0,0,0,0,38.3
2961,0,0,,,33
2962,0,0,,,75.5
2963,0,0,,,60.8
2964,0,0,,,52.3
2965,0,0,,,55.9
2966,0,0,20,30,76.8
2967,0,0,,,78.7
2968,0,0,,,81.3
2969,0,0,,,40.7
2970,0,0,,,40.7
2971,0,0,,,34.4
2972,0,0,,,82.7
2973,0,0,0,0,50.2
2974,0,0,0,0,66.4
2975,0,0,0,0,27.4
2976,30,50,0,0,59.4
2977,0,0,,,33
2978,0,0,,,17.8
2979,0,0,,,36.5
2980,50,60,0,0,38.9
2981,30,80,10,40,78.9
2982,20,50,20,20,59.6
2983,0,0,,,42.4
2984,10,50,0,0,70.1
2985,20,30,,,87.6
2986,0,0,,,70.9
2987,15,30,,,73
2988,30,30,,,81.9
2989,30,80,0,0,69.2
2990,10,40,0,0,84.1
2991,15,20,0,0,71.7
2992,15,20,30,20,52.1
2993,0,0,,,17.8
2994,0,0,,,75.5
2995,0,0,,,59.2
2996,0,0,,,53.9
2997,0,0,0,0,35.7
2998,0,0,,,81
2999,0,0,,,81.3
3000,0,0,,,50.8
3001,0,0,,,12.1
3002,0,0,,,40.7
3003,10,30,,,48.2
3004,0,0,0,0,83.6
3005,1,15,,,40.7
3006,0,0,,,40.7
3007,0,0,0,0,46.3
3008,0,0,,,17.8
3009,0,0,0,0,100
3010,0.1,40,0,0,93
3011,0,0,0.1,30,84.5
3012,0.1,20,0,0,81.8
3013,0,0,0,0,100
3014,0,0,0,0,42.6
3015,0,0,0,0,45.2
3016,0.2,20,0.2,40,64.4
3017,0,0,0,0,54.1
3018,0,0,0,0,45.6
3019,0,0,0,0,53.2
3020,0,0,0,0,93.7
3021,0,0,0,0,91
3022,0,0,0,0,86
3023,0,0,0,0,98.5
3024,0,0,0,0,41.2
3025,0,0,0,0,72.2
3026,0,0,,,69
3027,0,0,,,64.8
3028,0,0,,,100
3029,0,0,,,100
3030,10,20,,,81.2
3031,10,30,,,77.7
3032,10,15,,,80
3033,0,0,,,65.3
3034,0,0,,,80.3
3036,0,0,,,84.5
3037,10,20,0,0,89.3
3038,0,0,0,0,74.7
3039,10,30,0,0,76.5
3040,0,0,0,0,91.3
3041,0,0,0,0,77.4
3042,10,20,0,0,76
3043,0,0,,,89.6
3044,0,0,,,70
3045,0,0,,,70.1
3046,0,0,,,70
3047,0,0,,,75.5
3048,0,0,,,50.1
3049,0,0,,,77.9
3050,0,0,,,66.8
3051,0,0,,,55.2
3052,0,0,,,65
3053,10,5,10,10,95.6
3054,0,0,0,0,82.5
3055,0,0,0,0,86
3056,0,0,0,0,75
3057,0,0,,,73
3058,0,0,,,78.1
3059,0,0,,,72
3060,0,0,,,69.6
3061,0,0,,,70
3062,0,0,,,60.1
3063,0,0,,,92.2
3064,0,0,,,78.1
3065,0,0,,,70.1
3066,0,0,,,69.1
3067,0,0,,,73.1
3068,0,0,,,51.3
3069,0,0,,,66.4
3070,0,0,,,46.6
3071,0,0,,,82.7
3072,0,0,25,30,77.3
3073,10,100,,,78.7
3074,0,0,0,0,84.1
3075,0,0,0,0,73.3
3076,0,0,0,0,43.8
3077,0,0,0,0,80.3
3078,0,0,0,0,86.1
3079,0,0,0,0,90.2
3080,0,0,,,100
3081,0,0,,,86.6
3082,0,0,,,100
3083,0,0,0,0,80.5
3084,0,0,0,0,80.3
3085,0,0,0,0,73
3086,0,0,0,0,100
3087,0,0,0,0,88.9
3088,0,0,0,0,100
3089,0,0,,,100
3090,0,0,,,100
3091,0,0,0,0,73.3
3092,0,0,0,0,86
3093,0,0,0,0,97.2
3094,0,0,0,0,93
3095,0,0,,,100
3096,0,0,,,100
3097,0,0,,,73.5
3098,0,0,,,65.6
3099,0,0,,,73.1
3100,0,0,,,63.9
3101,0,0,,,37.6
3102,0,0,,,57.3
3103,0,0,,,27.2
3104,0,0,,,56.5
3105,0,0,,,60
3106,0,0,,,47
3107,0,0,,,45.4
3108,0,0,,,62.5
3109,0,0,,,64.7
3110,0,0,,,49.4
3111,0,0,,,40.7
3112,0,0,,,67.5
3113,0,0,,,40.7
3114,0,0,,,40.7
3115,0,0,,,53.8
3116,0,0,20,20,87.3
3117,0,0,0,0,90.2
3118,0,0,0,0,70.5
3119,0,0,0,0,73.9
3120,0,0,0,0,100
3121,0,0,,,0.9
3122,0,0,0,0,98.1
3123,15,10,10,20,93.2
3124,0,0,0,0,90.8
3125,0,0,0,0,66.8
3126,0,0,,,36.8
3127,0,0,10,30,90.1
3128,0,0,0,0,92.3
3129,0,0,0,0,43.6
3130,0,0,0,0,100
3131,0,0,0,0,89
3132,0,0,,,100
3133,0,0,,,70.5
3134,0,0,,,78.2
3135,0,0,,,83.6
3136,0,0,,,93.5
3137,0,0,,,81.3
3138,0,0,,,76.7
3139,10,50,,,74.1
3140,10,10,,,83.7
3141,30,30,,,66.5
3142,10,20,,,73.5
3143,0,0,,,56.8
3144,20,20,,,60.2
3145,0,0,,,69
3146,20,40,,,69.5
3147,20,80,,,73.3
3148,20,20,,,60.3
3149,10,5,,,69.7
3150,20,20,,,72.4
3151,30,5,,,67.1
3152,10,5,,,73.7
3153,10,40,,,69.3
3154,30,50,,,72.2
3155,30,60,,,66.6
3156,15,5,,,76.3
3157,15,80,,,75.3
3158,20,70,,,70
3159,20,40,,,58.5
3160,0,0,,,56
3161,40,50,,,60
3162,25,70,,,65.8
3163,30,50,,,63.3
3164,30,40,,,67.9
3165,20,30,,,81.2
3166,10,20,,,82.1
3167,20,5,,,81.9
3168,0,0,,,86.6
3169,20,5,0,0,94.6
3170,0,0,0,0,100
3171,15,40,0,0,85.4
3172,10,20,0,0,94.2
3173,0,0,,,84.5
3174,10,20,,,82.9
3175,0,0,,,82.7
3176,0,0,,,78.1
3177,0,0,,,100
3178,0,0,,,75.5
3179,0,0,0,0,91.9
3180,0,0,0,0,100
3181,10,50,0,0,52.9
3182,0,0,,,72.1
3183,0,0,,,100
3184,0,0,,,100
3185,0,0,,,67.5
3186,0,0,15,40,87.1
3187,0,0,0,0,100
3188,0,0,0,0,100
3189,0,0,0,0,100
3190,15,10,0,0,94.1
3191,0,0,0,0,88.6
3192,0,0,0,0,54.8
3193,0,0,0,0,87.2
3194,0,0,0,0,86.1
3195,0,0,0,0,97.3
3196,0,0,0,0,98.1
3197,0,0,0,0,93
3198,0,0,10,80,78.6
3199,0,0,0,0,90.2
3200,7,25,10,15,55.1
3201,8,30,0,0,62
3202,0,0,0,0,61.4
3203,0,0,0,0,34
3204,0,0,0,0,57.6
3205,10,20,0,0,51.3
3207,0,0,0,0,100
3208,20,20,,,89.8
3209,12,35,10,35,70
3210,10,8,10,50,69.8
3211,10,30,6,50,67.1
3212,20,5,5,30,72.4
3213,10,20,12,25,60.3
3214,10,15,10,25,74.4
3215,0,0,0,0,88.6
3216,0,0,0,0,100
3217,0,0,8,15,86.4
3218,0,0,,,100
3219,0,0,0,0,93
3220,0,0,0,0,100
3221,0,0,0,0,100
3222,0,0,0,0,93
3223,0,0,0,0,93.7
3224,0,0,0,0,100
3225,0,0,0,0,87.2
3227,0,0,0,0,100
3228,0,0,0,0,100
3229,0,0,0,0,88.6
3230,0,0,0,0,100
3231,0,0,0,0,100
3232,0,0,,,0.9
3233,0,0,0,0,100
3234,0,0,,,0.9
3235,10,10,15,30,52.7
3236,10,30,0,0,31.6
3237,0,0,,,0.9
3238,30,40,,,82.4
3239,0,0,0,0,100
3240,25,20,0,0,67.1
3241,10,10,0,0,95.9
3242,10,10,,,94.9
3243,0,0,,,51
3244,8,10,,,85.3
3245,30,30,10,70,76.1
3246,20,40,,,85.6
3247,0,0,,,60.9
3248,0,0,0,0,100
3249,5,10,0,0,97.1
3250,5,10,0,0,97.1
3251,0,0,10,30,60.3
3252,0,0,,,100
3253,0,0,0,0,58.9
3254,0,0,,,100
3255,25,35,5,30,75.3
3256,0,0,,,100
3257,0,0,0,0,100
3258,30,70,,,76.7
3259,0,0,,,58.1
3260,0,0,,,100
3261,0,0,0,0,84.4
3262,8,25,0,0,60.1
3263,0,0,0,0,91.9
3264,0,0,0,0,100
3265,10,15,0,0,95
3266,0,0,,,67.1
3267,0,0,,,71.5
3268,0,0,0,0,87.2
3269,0,0,0,0,87.2
3270,0,0,0,0,100
3271,0,0,0,0,91
3272,0,0,0,0,100
3273,0,0,0,0,90.4
3274,0,0,0,0,100
3275,0,0,0,0,100
3276,15,15,10,5,84.1
3277,35,60,8,90,67.6
3278,35,70,10,20,69.6
3279,10,75,30,15,58.4
3280,30,70,20,35,67.7
3281,0,0,,,87.7
3282,0,0,,,86.1
3283,7,40,0,0,93.2
3284,0,0,0,0,100
3285,10,5,0,0,84.9
3286,0,0,0,0,94.2
3287,0,0,0,0,100
3288,0,0,0,0,100
3289,8,20,0,0,91.6
3290,5,30,0,0,64.2
3291,0,0,0,0,67.7
3292,0,0,0,0,100
3293,7,30,,,81.5
3294,8,20,,,81.2
3295,0,0,,,61.8
3296,0,0,,,100
3297,0,0,,,82
3298,0,0,0,0,65.4
3299,0,0,0,0,69
3300,0,0,,,59.7
3301,0,0,,,100
3302,0,0,,,73.5
3303,0,0,,,100
3304,0,0,,,100
3305,0,0,,,74.5
3306,0,0,,,44
3307,0,0,0,0,78.8
3308,0,0,0,0,61.3
3309,0,0,0,0,77.9
3310,5,15,0,0,92.1
3311,0,0,,,100
3312,0,0,0,0,87.2
3313,0,0,0,0,96.3
3314,0,0,,,81
3315,10,50,0,0,90.9
3316,8,35,0,0,93.2
3318,0,0,,,0.9
3320,0,0,0,0,100
3321,0,0,0,0,100
3322,0,0,0,0,100
3323,0,0,0,0,100
3324,0,0,0,0,100
3325,0,0,,,3.6
3326,8,5,0,0,90.8
3327,0,0,0,0,98.2
3328,0,0,,,52.4
3329,0,0,0,0,100
3330,0,0,0,0,100
3331,0,0,0,0,23.9
3332,0,0,0,0,100
3333,0,0,0,0,100
3334,0,0,0,0,100
3335,0,0,0,0,100
3336,0,0,0,0,100
3337,10,30,0,0,50.8
3338,20,40,0,0,49.9
3339,10,20,,,92.8
3340,0,0,0,0,84.9
3341,0,0,,,100
3342,0,0,0,0,100
3343,10,10,0,0,60.7
3344,20,30,20,20,60
3345,0,0,0,0,93
3346,0,0,,,31.6
3347,10,40,0,0,52.3
3348,0,0,0,0,91
3349,0,0,0,0,26
3350,0,0,0,0,93.4
3351,0,0,0,0,100
3352,0,0,0,0,100
3353,0,0,0,0,100
3354,0,0,0,0,77.4
3355,0,0,0,0,85.1
3356,0,0,0,0,93.9
3357,0,0,0,0,62.5
3358,0,0,0,0,87.2
3359,0,0,0,0,91.9
3360,0,0,0,0,78.5
3361,0,0,0,0,84.4
3362,0,0,0,0,90.6
3363,0,0,0,0,63.5
3364,0,0,0,0,78
3365,0,0,0,0,86.3
3366,0,0,0,0,84.4
3367,10,5,,,96.4
3368,0,0,,,100
3369,0,0,,,100
3370,0,0,,,100
3371,0,0,0,0,100
3372,30,40,,,79.3
3373,40,100,,,65.2
3374,30,40,,,74
3375,10,10,,,48.5
3376,0,0,,,40.9
3377,30,20,,,63.1
3378,20,50,,,79.1
3379,5,45,5,10,88.4
3380,5,30,10,5,85.5
3381,3,80,15,40,84.6
3382,0,0,,,41.6
3383,20,80,,,48.9
3384,30,60,,,76.1
3385,30,40,,,74
3386,20,40,,,68.3
3387,5,40,10,100,80.8
3388,5,40,5,30,89.7
3389,2,40,30,20,76.5
3390,20,30,3,10,81.4
3391,10,30,,,51.3
3392,20,30,,,63.4
3393,20,30,,,62.2
3394,20,60,,,70.8
3395,10,40,,,89.8
3396,10,40,,,70.9
3397,20,30,,,66.7
3398,3,20,,,67.1
3399,30,40,,,61.1
3400,20,30,,,66.1
3401,30,40,,,67.3
3402,3,5,3,20,82.2
3403,0,0,,,80.6
3404,10,40,,,72.1
3405,5,20,,,74.6
3406,10,30,,,54.7
3407,30,30,,,68.2
3408,30,30,,,69.1
3409,10,60,,,33.3
3410,30,20,,,51.5
3411,10,20,,,80.5
3412,30,20,,,46
3413,30,30,10,30,81.3
3414,30,20,10,100,78.3
3415,30,20,,,72.5
3416,30,30,,,69.1
3417,30,50,,,65.8
3418,30,50,,,65.5
3419,3,10,5,10,81.6
3420,5,10,10,30,75.6
3421,0,0,,,100
3422,20,30,,,76
3423,30,70,10,70,69
3424,30,30,,,75.7
3425,10,15,15,80,73.9
3426,0,0,0,0,100
3427,0,0,0,0,100
3428,5,20,30,20,91
3429,10,60,20,20,71.3
3430,20,50,0,0,87.1
3431,0,0,0,0,100
3432,0,0,0,0,97
3433,5,10,,,96.4
3434,0,0,0,0,100
3435,0,0,0,0,86.9
3436,0,0,0,0,84.4
3437,20,50,,,76.4
3438,0,0,0,0,56.9
3439,30,20,20,20,60.9
3440,0,0,0,0,71.5
3441,0,0,0,0,100
3442,0,0,0,0,7.7
3443,0,0,0,0,100
3444,0,0,0,0,100
3445,0,0,0,0,100
3446,0,0,0,0,91
3447,0,0,0,0,100
3448,0,0,0,0,91.9
3449,20,30,0,0,71.9
3450,20,30,,,63.2
3451,0,0,0,0,88.1
3452,0,0,0,0,60.5
3453,0,0,0,0,100
3454,0,0,0,0,84.4
3455,20,30,0,0,42
3456,0,0,0,0,80.5
3457,0,0,0,0,100
3458,0,0,0,0,100
3459,0,0,0,0,93
3460,30,50,30,20,76.5
3461,0,0,0,0,90.4
3462,0,0,0,0,27.1
3463,20,5,0,0,70.4
3464,0,0,0,0,84.4
3465,20,10,0,0,94.2
3466,0,0,,,100
3467,0,0,20,30,92
3468,0,0,,,84.5
3469,10,10,20,10,93.3
3470,0,0,20,10,84.9
3471,0,0,,,78.1
3472,0,0,50,30,76
3473,0,0,30,40,74
3474,0,0,0,0,71.9
3475,0,0,0,0,100
3476,0,0,,,86.7
3477,0,0,0,0,100
3478,0,0,0,0,100
3479,0,0,0,0,85.3
3480,0,0,0,0,100
3481,0,0,0,0,91
3482,0,0,0,0,91
3483,0,0,0,0,100
3484,5,100,0,0,84.3
3485,0,0,0,0,100
3486,10,5,,,96.4
3487,10,5,0,0,97.1
3488,0,0,0,0,100
3489,0,0,0,0,100
3490,30,10,30,20,70.2
3491,0,0,,,73.5
3492,0,0,0,0,29.1
3493,0,0,,,58.1
3494,0,0,,,0.9
3495,0,0,,,0.9
3496,0,0,,,0.9
3497,0,0,,,0.9
3498,0,0,,,0.9
3499,30,20,0,0,68.2
3500,0,0,0,0,25.7
3501,0,0,0,0,100
3502,0,0,,,65.3
3503,0,0,15,20,92
3504,0,0,0,0,97.7
3505,0,0,0,0,26.3
3506,0,0,,,100
3507,0,0,,,71.5
3508,20,30,0,0,69.8
3509,15,80,0,0,46.7
3510,0,0,0,0,100
3511,10,20,0,0,72.5
3512,15,20,0,0,50.7
3513,10,30,,,54.9
3514,10,20,0,0,91.5
3515,0,0,0,0,44.1
3516,0,0,0,0,68.9
3517,0,0,0,0,95
3518,0,0,,,54.1
3519,0,0,,,78.3
3520,0,0,0,0,32.1
3521,0,0,0,0,38.7
3522,0,0,0,0,95.4
3523,0,0,,,58.5
3524,5,10,,,93.9
3525,0,0,,,100
3526,0,0,,,100
3527,5,20,,,94.9
3528,0,0,0,0,100
3529,0,0,,,100
3530,0,0,0,0,84.1
3531,0,0,0,0.0,96.1
3532,5,10,,,75.2
3534,5,10,,,47.1
3536,20,30,,,72.5
3537,5,5,10,20,81.4
3538,15,5,,,80.2
3539,0,0,10,70,80.4
3540,0,0,5,30,89.9
3541,10,90,,,71.1
3542,0,0,,,100
3543,0,0,,,84.5
3544,0,0,0,0,76.5
3545,0,0,,,35
3546,0,0,,,17.8
3547,0,0,,,40.7
3548,0,0,,,37.7
3549,0,0,10,0.2,50.7
3550,0,0,,,17.8
3551,20,40,20,0.6,73.3
3552,10,40,20,0.8,62.4
3553,5,5,0,0.0,82.6
3554,5,40,0,0.0,71.4
3555,0,0,20,80,86
3556,0,0,30,40,88.6
3557,20,5,0,0,69.6
3558,0,0,0,0,97.6
3559,7,5,30,2,78.6
3560,0,0,0,0,89
3561,20,1,0,0,62.7
3562,30,5,,,92.1
3563,0,0,0,0,46
3564,0,0,40,70,23.5
3565,1,30,1,80,69.4
3566,0,0,,,70
3567,0,0,0,0,84.9
3568,10,15,,,81.6
3569,0,0,,,72.7
3570,0,0,,,66
3571,0,0,,,87.3
3572,3,2,,,85.2
3573,0,0,,,96
3574,0,0,0,0,100
3575,0,0,0,0,100
3576,5,20,,,94.9
3577,0,0,,,94.5
3578,10,10,,,81
3579,0,0,,,65.6
3580,0,0,,,100
3581,0,0,,,100
3582,0,0,,,100
3583,0,0,2,20,72
3584,0,0,0,0,100
3585,0,0,0,0,100
3586,0,0,,,100
3587,0,0,,,100
3588,0,0,,,86.6
3589,3,5,3,10,95
3590,0,0,,,100
3591,0,0,0,0,92.5
3592,0,0,,,75.6
3593,0,0,,,96.5
3594,0,0,,,92.6
3595,0,0,,,100
3596,0,0,,,92.6
3597,0,0,,,90.5
3598,0,0,,,81.8
3599,0,0,,,86.6
3600,0,0,,,100
3601,2,50,10,100,87.2
3602,0,0,,,100
3603,5,30,,,93.8
3604,0,0,0,0,90.3
3605,0,0,,,100
3606,0,0,0,0,100
3607,0,0,,,100
3608,0,0,,,100
3609,0,0,,,100
3610,0,0,,,89.6
3611,0,0,,,95.8
3612,0,0,,,87
3613,0,0,,,95.1
3614,0,0,,,94
3615,0,0,,,92.2
3616,0,0,,,78.8
3617,0,0,,,100
3618,0,0,,,100
3619,0,0,,,93.5
3620,0,0,2,50,96.7
3621,10,1,0,0,97
3622,0,0,,,100
3623,5,50,,,92
3624,0,0,,,100
3625,0,0,,,100
3626,0,0,,,89
3627,0,0,,,86.1
3628,0,0,,,89
3629,0,0,,,93.5
3630,0,0,,,84.5
3631,5,70,,,87.7
3632,0,0,5,20,81.7
3633,3,5,,,98
3634,10,80,1,90,61.8
3635,5,20,0,0,52.1
3636,0,0,1,2,80.7
3637,2,10,1,3,78.8
3638,0,0,,,73.8
3639,1,5,1,60,77.1
3640,0,0,,,51.3
3641,0,0,,,51.7
3642,7,20,0,0,78.4
3643,0,0,,,68
3644,2,5,0,0,88.8
3645,0,0,,,17.8
3646,0,0,,,100
3647,0,0,,,17.8
3648,0,0,0,0,93.9
3649,5,70,2,100,83.2
3650,0,0,0,0,100
3651,0,0,,,35.1
3652,2,50,,,94.9
3653,2,1,,,97.5
3654,5,40,0,0,91.9
3655,0,0,,,100
3656,0,0,0,0,100
3657,0,0,,,69.9
3658,0,0,,,85.1
3659,0,0,,,89.8
3660,0,0,,,85.6
3661,0,0,,,84.9
3662,0,0,,,88
3663,3,20,,,89.7
3664,0,0,,,90.5
3665,0,0,,,92.2
3666,0,0,0,0,88.4
3667,0,0,0,0,84.9
3668,0,0,0,0,85.7
3669,0,0,,,84.5
3670,0,0,,,87.3
3671,0,0,,,88
3672,0,0,,,93.5
3673,0,0,,,100
3674,0,0,,,86.6
3675,0,0,,,83.6
3676,0,0,,,96.5
3677,0,0,,,94
3678,0,0,,,100
3679,0,0,,,94.5
3680,0,0,,,100
3681,0,0,,,89
3682,0,0,0,0,94.1
3683,0,0,,,100
3684,0,0,,,85
3685,0,0,,,82.3
3686,0,0,,,100
3687,0,0,,,84.5
3688,0,0,,,94.5
3689,0,0,,,81.2
3690,0,0,,,84.5
3691,0,0,,,95.1
3692,0,0,0,0,97.9
3693,2,5,0,0,98.7
3694,0,0,,,97.5
3695,0,0,0,0,91
3696,0,0,0,0,100
3697,0,0,,,100
3698,0,0,,,100
3699,0,0,,,100
3700,0,0,,,85.5
3701,0,0,,,86.6
3702,0,0,,,86.6
3703,0,0,3,30,95.8
3704,0,0,0,0,100
3705,0,0,0,0,100
3706,0,0,0,0,97.1
3707,0,0,,,86.6
3708,0,0,,,86.6
3709,0,0,,,89
3710,0,0,0,0,85.8
3711,0,0,0,0,100
3712,0,0,0,0,96.4
3713,0,0,0,0,98.6
3714,5,40,1,100,93.4
3715,0,0,7,20,87.4
3716,0,0,0,0,100
3717,0,0,0,0,91.9
3718,0,0,0,10,99.5
3719,0,0,0,0,96.4
3720,0,0,0,0,100
3721,0,0,0,0,100
3722,0,0,0,0,100
3723,0,0,0,0,100
3724,0,0,0,0,78.4
3725,0,0,,,82.7
3726,0,0,,,84.5
3727,0,0,,,81
3728,0,0,,,78.1
3729,0,0,,,84.5
3730,0,0,,,86.6
3731,0,0,,,86.6
3732,0,0,,,79.5
3733,0,0,,,82.7
3734,0,0,,,82.7
3735,0,0,,,76.2
3736,0,0,,,81
3737,0,0,,,86.6
3738,0,0,,,61
3739,0,0,,,100
3740,0,0,,,95.1
3741,0,0,,,82.7
3742,0,0,0,0,88.6
3743,0,0,0,0,93.7
3744,0,0,0,0,100
3745,0,0,,,100
3746,0,0,,,70
3747,0,0,0,0,100
3748,0,0,,,87.7
3749,0,0,,,87
3750,0,0,0,0,59.3
3751,0,0,,,78.1
3752,20,20,0,0,85
3753,0,0,0,0,83.2
3754,0,0,0,0,83.5
3755,0,0,0,0,89.5
3756,10,20,0,0,72.4
3757,0,0,5,30,94.6
3758,0,0,0,0,94.2
3759,5,10,0,0,90.3
3760,0,0,0,0,96.1
3761,0,0,0,0,86.3
3762,10,10,0,0,57.1
3763,0,0,,,43
3764,0,0,5,80,87.1
3765,0,0,5,20,73.1
3766,0,0,,,74.7
3770,0,0,,,79.5
3771,0,0,,,85.5
3772,0,0,0,0,86.8
3773,0,0,,,76.7
3774,0,0,,,82.7
3775,0,0,2,20,90.4
3776,0,0,5,10,66.3
3777,0,0,,,100
3778,0,0,0,0,92
3779,0,0,,,44.9
3780,0,0,0,0,83.8
3781,0,0,0,0,92.2
3782,0,0,20,1,98.5
3783,0,0,0,0,53.1
3784,0,0,0,0,87.5
3785,0,0,0,0,83.2
3786,0,0,0,0,81.1
3787,0,0,0,0,94.2
3788,0,0,0,0,100
3789,0,0,0,0,79.9
3790,0,0,0,0,98.3
3791,0,0,20,10,63
3792,0,0,,,86.6
3793,0,0,5,20,77.8
3794,0,0,0,0,94.2
3795,0,0,0,0,23.7
3796,2,10,1,20,93.4
3797,0,0,0,0,70.2
3798,0,0,,,100
3799,20,100,,,66.6
3800,0,0,0,0,91.7
3801,0,0,5,90,78.1
3802,0,0,,,100
3803,0,0,30,50,74.9
3804,0,0,5,100,80.5
3805,0,0,5,100,72.7
3806,0,0,20,50,71.3
3807,0,0,5,90,84.8
3808,5,95,10,60,74.6
3809,0,0,,,71.6
3810,0,0,5,40,72.1
3811,5,30,5,50,84.8
3812,0,0,0,0,100
3813,0,0,,,64
3814,0,0,,,66.3
3815,0,0,0,0,96.8
3816,0,0,0,0,100
3817,0,0,0,0,100
3818,0,0,0,0,100
3819,0,0,10,20,95.4
3820,0,0,2,50,86.8
3821,5,20,10,100,87.9
3822,0,0,20,100,80.7
3823,0,0,0,0,100
3824,0,0,,,100
3825,0,0,,,86.6
3826,0,0,,,86.6
3827,0,0,,,82.7
3828,0,0,0,0,88.2
3829,0,0,0,0,88.5
3830,0,0,5,100,92.7
3831,0,0,,,73.1
3832,0,0,,,75.5
3833,0,0,,,59.5
3834,0,0,,,64.6
3835,0,0,,,48.6
3836,0,0,,,50.6
3837,0,0,,,53.5
3838,0,0,,,62.1
3839,0,0,,,70
3840,0,0,,,60.6
3841,0,0,,,82.8
3842,0,0,,,49.8
3843,0,0,,,70
3844,0,0,,,82.7
3845,0,0,,,82.7
3846,0,0,,,84.5
3847,0,0,0,0,100
3848,0,0,,,79.5
3849,0,0,,,82.7
3850,0,0,,,81
3851,0,0,,,82.7
3852,0,0,,,82.7
3853,0,0,0,0,93
3854,0,0,0,0,100
3855,0,0,0,0,100
3856,0,0,0,0,100
3857,0,0,0,0,100
3858,0,0,0,0,94.4
3860,0,0,0,0,77.8
3861,50,10,20,70,79.9
3862,0,0,0,0,100
3863,0,0,0,0,86.5
3864,0,0,0,0,100
3865,0,0,0,0,100
3866,0,0,0,0,93
3867,0,0,5,15,78
3868,0,0,0,0,77.7
3869,0,0,0,0,100
3870,0,0,0,0,100
3871,0,0,0,0,99.1
3872,0,0,0,0,100
3873,0,0,0,0,100
3874,0,0,0,0,97.2
3875,0,0,0,0,100
3876,0,0,0,0,100
3877,0,0,0,0,100
3878,0,0,0,0,100
3879,0,0,0,0,100
3880,0,0,0,0,92.5
3881,0,0,0,0,100
3882,0,0,0,0,100
3883,0,0,0,0,100
3884,0,0,0,0,100
3885,0,0,,,69.3
3886,0,0,0,0,100
3887,0,0,0,0,91.3
3888,0,0,0,0,100
3889,50,60,10,30,41.2
3890,0,0,,,47.8
3891,0,0,,,60.6
3892,0,0,0,0,88.6
3893,10,10,0,0,91.3
3894,10,50,0,0,87.1
3895,0,0,0,0,97.9
3896,0,0,0,0,83
3900,5,10,0,0,88.2
3901,0,0,0,0,94.8
3902,0,0,0,0,83.5
3903,0,0,0,0,88
3904,0,0,30,100,81.9
3905,0,0,0,0,94.7
3906,0,0,0,0,100
3907,0,0,0,0,100
3908,0,0,0,0,84.4
3909,0,0,0,0,91
3910,0,0,0,0,82.1
3911,0,0,0,0,97.4
3912,0,0,0,0,100
3913,0,0,,,100
3914,0,0,0,0,87.2
3915,0,0,0,0,90.8
3916,0,0,0,0,100
3917,0,0,0,0,100
3918,0,0,0,0,100
3919,0,0,0,0,100
3920,0,0,0,0,100
3921,0,0,0,0,100
3922,0,0,0,0,100
3923,0,0,0,0,100
3924,0,0,0,0,100
3925,0,0,,,100
3926,0,0,0,0,94.2
3927,0,0,0,0,94
3928,0,0,0,0,100
3929,0,0,0,0,100
3930,0,0,0,0,100
3931,0,0,0,0,100
3932,0,0,0,0,91
3933,0,0,0,0,100
3934,0,0,0,0,100
3935,0,0,0,0,84.7
3940,10,50,5,20,83.3
3941,0,0,10,20,81.1
3942,0,0,5,40,82.7
3943,0,0,5,20,89.7
3944,0,0,2,70,84.3
3945,10,10,0,0,59.6
3946,10,10,0,0,89.1
3947,5,40,,,71.1
3948,10,30,,,81.1
3949,5,10,,,67.4
3950,5,20,5,70,76.2
3951,10,10,5,30,87.7
3952,0,0,5,5,87.1
3953,5,40,0,0,63.3
3954,0,0,,,42.8
3955,5,30,5,30,84
3956,0,0,,,100
3957,0,0,0,0,100
3958,0,0,0,0,94.3
3959,0,0,0,0,100
3960,0,0,0,0,96.5
3961,0,0,0,0,97.8
3962,5,20,,,89.1
3963,0,0,5,25,90.8
3964,0,0,0,0,97.2
3965,0,0,0,0,79.5
3966,0,0,5,100,88.4
3967,0,0,5,20,91.5
3968,0,0,0,0,100
3969,0,0,0,0,100
3970,0,0,3,100,90.9
3971,2,70,2,80,93.6
3972,0,0,0,0,100
3973,0,0,0,0,100
3974,0,0,2,10,80.7
3975,0,0,0,0,100
3976,0,0,0,0,100
3977,0,0,0,0,84.1
3978,0,0,0,0,100
3979,0,0,0,0,100
3980,5,5,5,10,93.8
3981,0,0,0,0,81.6
3982,0,0,,,100
3983,0,0,5,20,93
3984,0,0,5,20,96.7
3985,0,0,5,30,96
3986,0,0,5,30,85.1
3987,0,0,0,0,85.2
3988,0,0,0,0,99.4
3989,3,60,3,20,80.7
3990,10,60,3,60,82.1
3991,5,80,2,100,83.1
3992,5,80,5,20,70.7
3993,5,10,5,50,69.8
3994,5,70,0,0,84.6
3995,0,0,,,60.6
3996,0,0,0,0,100
3997,0,0,0,0,100
3998,0,0,,,68.2
3999,10,60,,,45.8
4000,0,0,,,63.9
4001,5,20,,,68.6
4002,5,20,3,100,78.1
4003,3,20,3,50,82.4
4004,5,40,3,40,82
4005,3,30,2,20,86.3
4006,0,0,0,0,83.3
4007,0,0,2,20,60.2
4008,0,0,0,0,100
3936,0,0,,,100
3937,5,50,0,0,67.8
3938,0,0,0,0,89.8
